Team,Player,Pos,Kicks,Marks,Handball,Goal,Behind,Hit-Out,Tackles,FreeFor,FreeAgainst,FantasyPoints
ADE,"Laird, Rory",MID,14.27,3.73,17.73,0.14,0.36,0.00,5.91,1.73,1.50,
ADE,"Keays, Ben",MID,15.91,3.73,12.23,0.55,0.36,0.00,6.05,1.18,1.50,
ADE,"Seedsman, Paul",MID,15.77,5.36,10.32,0.55,0.59,0.00,2.32,0.82,0.82,
ADE,"Smith, Brodie",DEF,15.09,4.86,4.59,0.09,0.18,0.00,1.73,0.41,0.36,
ADE,"Schoenberg, Harry",MID,10.45,2.82,7.95,0.45,0.41,0.00,3.59,0.73,1.45,
ADE,"Sloane, Rory",MID,9.00,3.05,9.27,0.14,0.09,0.00,3.95,1.09,0.77,
ADE,"Doedee, Tom",DEF,9.23,4.55,6.59,0.05,0.05,0.00,2.14,0.86,1.00,
ADE,"Sholl, Lachlan",MID,9.45,3.55,5.73,0.14,0.32,0.00,0.95,0.32,0.23,
ADE,"Kelly, Jake",DEF,9.73,4.64,4.32,0.00,0.00,0.00,1.91,0.95,0.77,
ADE,"OBrien, Reilly",RUC,6.27,3.23,7.09,0.09,0.00,26.59,2.50,1.14,0.91,
ADE,"McHenry, Ned",FWD,5.45,2.45,6.27,0.50,0.32,0.00,2.95,0.95,1.68,
ADE,"McPherson, Andrew",DEF,7.09,2.45,4.00,0.00,0.00,0.00,1.32,0.36,0.32,
ADE,"Rowe, James",FWD,5.59,1.86,5.36,0.68,0.50,0.00,1.59,0.82,0.41,
ADE,"Butts, Jordon",DEF,6.86,3.82,3.64,0.00,0.00,0.00,1.36,1.05,0.77,
ADE,"Walker, Taylor",FWD,7.05,4.09,3.27,2.18,1.32,1.82,1.05,0.91,0.95,
ADE,"Lynch, Tom",FWD,5.86,2.91,3.91,0.36,0.41,0.00,0.68,0.59,0.36,
ADE,"Jones, Chayce",FWD,5.82,1.95,2.64,0.05,0.14,0.00,0.86,0.27,0.68,
ADE,"Murphy, Lachlan",FWD,4.55,1.14,3.45,0.41,0.68,0.00,1.55,1.00,0.41,
ADE,"Hamill, Will",DEF,4.27,1.23,3.59,0.00,0.00,0.00,1.59,0.82,0.36,
ADE,"Berry, Sam",FWD,2.73,1.23,4.27,0.23,0.41,0.00,3.14,0.55,0.77,
ADE,"Thilthorpe, Riley",FWD,4.27,2.00,2.64,0.82,0.45,1.14,0.86,0.45,0.64,
ADE,"Brown, Luke",DEF,4.50,1.77,1.95,0.00,0.00,0.00,1.18,0.36,0.09,
ADE,"Fogarty, Darcy",FWD,4.32,2.41,1.91,1.09,0.55,0.05,0.95,0.86,0.73,
ADE,"McAdam, Shane",FWD,3.59,2.55,2.18,1.14,0.50,0.00,1.55,0.64,0.95,
ADE,"Frampton, Billy",FWD,2.91,2.27,1.50,0.09,0.50,1.09,0.36,0.18,0.32,
ADE,"Murray, Nick",DEF,3.18,1.32,0.91,0.05,0.05,0.05,0.82,0.59,0.45,
ADE,"Himmelberg, Elliott",FWD,1.91,1.14,1.32,0.36,0.27,0.64,0.36,0.45,0.32,
ADE,"Cook, Brayden",MID,1.00,0.27,0.91,0.00,0.00,0.00,0.14,0.00,0.05,
ADE,"Davis, Ben",FWD,0.91,0.45,0.68,0.00,0.00,0.00,0.14,0.14,0.05,
ADE,"Hately, Jackson",MID,0.82,0.32,0.77,0.00,0.09,0.00,0.55,0.05,0.05,
BRIS,"Lyons, Jarryd",MID,395,119,279,10,7,0,154,38,11,
BRIS,"Rich, Daniel",DEF,514,137,110,3,10,0,42,12,11,
BRIS,"McCluggage, Hugh",MID,407,123,193,15,22,0,89,23,23,
BRIS,"Zorko, Dayne",MID,386,122,169,17,18,0,140,31,40,
BRIS,"Neale, Lachie",MID,220,66,239,8,6,0,70,35,17,
BRIS,"Bailey, Zac",FWD,273,77,167,31,18,0,68,20,45,
BRIS,"Robinson, Mitch",MID,297,98,133,7,7,0,64,27,23,
BRIS,"Birchall, Grant",DEF,307,159,118,2,0,0,23,3,9,
BRIS,"Andrews, Harris",DEF,219,181,132,1,1,0,29,16,25,
BRIS,"Daniher, Joe",FWD,259,117,83,46,32,49,25,30,33,
BRIS,"McCarthy, Lincoln",FWD,183,77,123,36,15,0,80,27,28,
BRIS,"McInerney, Oscar",RUC,156,53,145,6,5,672,51,39,29,
BRIS,"Starcevich, Brandon",DEF,216,90,82,0,0,0,41,15,26,
BRIS,"Cameron, Charlie",FWD,199,95,62,55,33,0,53,18,19,
BRIS,"Adams, Marcus",DEF,166,92,71,0,0,0,30,13,14,
BRIS,"Robertson, Deven",MID,110,53,100,4,2,0,67,10,9,
BRIS,"Ah Chee, Callum",DEF,103,35,96,7,0,0,58,5,18,
BRIS,"Lester, Ryan",DEF,112,72,86,1,0,0,32,10,12,
BRIS,"McStay, Daniel",FWD,120,88,71,28,10,8,58,19,9,
BRIS,"Hipwood, Eric",FWD,118,79,51,26,20,0,20,12,17,
BRIS,"Mathieson, Rhys",MID,84,36,85,2,2,0,39,8,15,
BRIS,"Coleman, Keidean",FWD,89,44,73,6,5,0,32,16,11,
BRIS,"Prior, Jaxon",MID,116,45,44,6,4,0,24,11,5,
BRIS,"Berry, Jarrod",MID,75,24,63,5,2,0,34,14,15,
BRIS,"Fullarton, Tom",RUC,52,22,73,3,1,42,21,5,5,
BRIS,"Payne, Jack",DEF,73,49,46,0,0,0,16,2,5,
BRIS,"Gardiner, Darcy",DEF,61,34,38,0,0,0,4,6,11,
BRIS,"Madden, James",DEF,49,25,50,1,0,0,16,8,2,
BRIS,"Cockatoo, Nakia",FWD,18,5,24,5,1,0,22,4,4,
BRIS,"Berry, Tom",MID,14,6,23,2,1,0,20,2,5,
CARL,"Walsh, Sam",MID,298,127,358,12,6,0,100,24,32,
CARL,"Curnow, Ed",MID,318,106,178,10,3,0,80,13,23,
CARL,"Cripps, Patrick",MID,163,63,305,13,11,3,85,47,44,
CARL,"Saad, Adam",DEF,311,72,113,2,6,0,39,15,10,
CARL,"Weitering, Jacob",DEF,301,167,60,0,1,2,29,18,14,
CARL,"Docherty, Sam",DEF,252,107,88,0,0,0,31,16,4,
CARL,"Newnes, Jack",DEF,188,93,124,4,9,0,34,20,12,
CARL,"Newman, Nic",DEF,199,86,76,0,1,0,54,18,11,
CARL,"Williams, Zac",DEF,201,55,63,5,4,0,26,11,14,
CARL,"Fogarty, Lachie",FWD,139,57,107,6,6,0,62,16,11,
CARL,"Dow, Paddy",MID,95,28,147,4,2,0,39,9,13,
CARL,"Kennedy, Matthew",FWD,138,60,101,6,2,0,54,11,10,
CARL,"Stocker, Liam",DEF,163,58,75,2,1,0,37,15,10,
CARL,"Plowman, Lachie",DEF,160,85,59,1,0,0,20,14,13,
CARL,"Silvagni, Jack",FWD,130,70,70,9,13,17,38,14,12,
CARL,"Petrevski-Seton, Sam",DEF,134,56,64,1,3,0,26,7,7,
CARL,"McKay, Harry",FWD,154,113,31,58,33,6,27,27,18,
CARL,"Cottrell, Matthew",MID,118,37,47,3,2,0,31,5,9,
CARL,"Fisher, Zac",FWD,85,23,74,4,8,0,24,5,9,
CARL,"Gibbons, Michael",FWD,98,39,58,8,5,0,27,6,6,
CARL,"Pittonet, Marc",RUC,67,26,80,5,5,379,28,17,24,
CARL,"Martin, Jack",FWD,94,61,46,8,6,0,26,9,11,
CARL,"Setterfield, Will",MID,74,35,50,1,6,0,17,6,10,
CARL,"Williamson, Tom",MID,83,43,41,2,3,0,16,2,8,
CARL,"De Koning, Tom",RUC,81,40,42,7,4,219,27,16,15,
CARL,"Owies, Matthew",FWD,69,43,46,15,17,0,38,10,7,
CARL,"OBrien, Lochie",MID,49,20,31,1,3,0,9,4,1,
CARL,"McGovern, Mitch",FWD,42,24,14,6,4,0,13,7,0,
CARL,"Cuningham, David",MID,26,9,28,3,2,0,6,2,3,
CARL,"Curnow, Charlie",FWD,35,16,14,2,5,0,6,1,7,
COLL,"Crisp, Jack",DEF,341,148,253,2,5,0,80,16,29,
COLL,"Sidebottom, Steele",FWD,272,114,228,8,5,0,62,14,24,
COLL,"Maynard, Brayden",DEF,335,121,126,1,0,0,57,16,26,
COLL,"de Goey, Jordan",FWD,251,108,169,23,23,0,39,12,18,
COLL,"Pendlebury, Scott",DEF,197,67,220,4,4,0,69,13,10,
COLL,"Noble, John",DEF,260,114,149,2,0,0,57,23,14,
COLL,"Adams, Taylor",MID,195,46,187,2,2,0,78,30,16,
COLL,"Grundy, Brodie",RUC,185,72,197,12,6,647,84,31,43,
COLL,"Quaynor, Isaac",DEF,221,95,140,1,2,0,45,18,13,
COLL,"Daicos, Josh",MID,173,48,149,9,9,0,53,19,14,
COLL,"Hoskin-Elliott, Will",MID,213,124,101,13,2,0,45,6,14,
COLL,"Madgen, Jack",DEF,159,88,145,1,2,0,19,10,6,
COLL,"Roughead, Jordan",DEF,190,137,87,0,0,9,35,12,14,
COLL,"Mihocek, Brody",FWD,178,123,50,34,34,0,35,16,19,
COLL,"Moore, Darcy",DEF,153,107,68,4,1,0,12,9,16,
COLL,"Cameron, Darcy",RUC,147,99,72,22,9,121,32,20,15,
COLL,"Elliott, Jamie",FWD,127,61,73,25,8,0,32,10,15,
COLL,"Brown, Callum",MID,66,41,107,3,6,0,44,8,5,
COLL,"Poulter, Caleb",MID,107,55,58,2,5,0,22,9,6,
COLL,"Bianco, Trent",MID,100,53,47,7,5,0,21,5,4,
COLL,"Murphy, Nathan",MID,88,50,56,1,3,0,16,16,6,
COLL,"Howe, Jeremy",DEF,98,46,41,1,0,0,19,6,5,
COLL,"Macrae, Finlay",MID,45,26,69,1,0,0,9,2,3,
COLL,"Ruscoe, Trey",DEF,73,27,33,2,0,0,15,3,7,
COLL,"Brown, Tyler",MID,35,14,60,0,0,0,11,1,4,
COLL,"Henry, Oliver",FWD,61,44,30,7,8,0,9,4,1,
COLL,"Sier, Brayden",MID,32,16,54,1,0,0,19,3,0,
ESSE,"Merrett, Zach",MID,361,97,364,4,7,0,112,41,26,
ESSE,"Parish, Darcy",MID,341,96,360,10,8,0,90,13,10,
ESSE,"Hind, Nick",DEF,365,114,127,4,2,0,45,19,19,
ESSE,"Heppell, Dyson",DEF,276,132,194,2,1,0,47,15,12,
ESSE,"Ridley, Jordan",DEF,340,131,124,0,0,0,29,16,13,
ESSE,"Redman, Mason",DEF,245,101,142,6,2,0,44,11,17,
ESSE,"Langford, Kyle",FWD,202,98,152,13,3,2,57,11,18,
ESSE,"Snelling, Will",FWD,155,74,199,12,7,0,99,21,9,
ESSE,"McGrath, Andrew",MID,171,43,167,2,4,0,66,17,11,
ESSE,"Laverde, Jayden",DEF,202,134,116,1,0,0,35,17,25,
ESSE,"Stringer, Jake",FWD,210,55,102,41,18,0,76,30,23,
ESSE,"Smith, Devon",FWD,155,68,128,16,19,0,78,11,23,
ESSE,"Cox, Nik",MID,152,81,107,9,9,12,47,16,23,
ESSE,"Wright, Peter",FWD,146,90,100,29,14,208,37,31,23,
ESSE,"Perkins, Archie",FWD,116,58,122,9,14,0,42,13,13,
ESSE,"Guelfi, Matt",MID,124,74,112,6,4,0,54,11,19,
ESSE,"Ham, Brayden",FWD,118,57,109,5,10,0,30,5,9,
ESSE,"Stewart, James",DEF,136,89,77,0,0,0,19,7,22,
ESSE,"McDonald-Tipungwuti, Anthony",FWD,129,49,72,34,14,0,56,16,18,
ESSE,"Cutler, Tom",FWD,113,51,65,1,4,0,16,5,2,
ESSE,"Francis, Aaron",DEF,99,70,70,2,6,1,17,15,12,
ESSE,"Shiel, Dylan",MID,74,16,81,3,4,0,24,3,8,
ESSE,"Waterman, Alec",FWD,82,43,60,17,8,0,28,8,6,
ESSE,"Draper, Sam",RUC,85,31,46,2,5,316,23,16,24,
ESSE,"Jones, Harry",FWD,77,57,40,20,6,4,21,7,6,
ESSE,"Caldwell, Jye",MID,27,8,19,0,1,0,16,6,0,
FREO,"Brayshaw, Andrew",MID,265,101,303,8,5,0,93,25,23,
FREO,"Mundy, David",MID,248,68,305,15,7,0,87,18,21,
FREO,"Serong, Caleb",MID,279,64,224,8,10,0,72,23,12,
FREO,"Cerra, Adam",MID,250,93,165,5,10,0,47,21,12,
FREO,"Aish, James",MID,236,92,178,1,8,0,49,13,13,
FREO,"Ryan, Luke",DEF,332,136,82,0,0,0,34,14,19,
FREO,"Fyfe, Nat",MID,154,58,207,6,21,0,61,18,36,
FREO,"Darcy, Sean",RUC,156,90,193,12,12,599,64,22,38,
FREO,"Acres, Blake",MID,184,67,138,2,0,10,45,12,18,
FREO,"Wilson, Nathan",DEF,233,74,71,0,4,0,18,12,13,
FREO,"Colyer, Travis",FWD,195,75,83,15,19,0,44,6,9,
FREO,"Tucker, Darcy",DEF,152,64,120,0,2,0,29,10,12,
FREO,"Walters, Michael",FWD,147,63,76,14,11,0,33,21,14,
FREO,"Schultz, Lachie",FWD,148,80,72,22,17,0,54,20,18,
FREO,"Logue, Griffin",DEF,113,76,71,0,0,0,22,13,12,
FREO,"Taberner, Matthew",FWD,135,89,42,37,17,0,10,16,17,
FREO,"Lobb, Rory",RUC,108,73,60,20,19,54,15,13,5,
FREO,"Crowden, Mitch",FWD,70,34,97,5,7,0,29,8,4,
FREO,"Henry, Liam",FWD,106,37,47,10,9,0,18,13,10,
FREO,"Switkowski, Sam",FWD,79,36,67,9,9,0,32,7,4,
FREO,"Cox, Brennan",DEF,87,56,55,0,0,1,11,4,12,
FREO,"Hughes, Ethan",DEF,75,29,64,0,1,0,12,6,5,
FREO,"Young, Hayden",DEF,85,45,42,0,0,0,19,7,3,
FREO,"Blakely, Connor",MID,50,30,66,1,2,0,11,8,5,
FREO,"Treacy, Josh",FWD,70,51,45,13,10,7,31,11,14,
FREO,"Frederick, Michael",FWD,52,35,16,5,11,0,7,5,1,
FREO,"Banfield, Bailey",FWD,29,12,27,4,2,0,14,3,6,
GEEL,"Guthrie, Cameron",MID,342,129,325,4,8,0,92,19,16,
GEEL,"Selwood, Joel",MID,278,77,274,6,4,0,113,54,28,
GEEL,"Smith, Isaac",MID,383,166,167,15,9,0,38,8,10,
GEEL,"Menegola, Sam",MID,324,125,209,12,12,0,52,11,24,
GEEL,"Tuohy, Zach",DEF,326,112,155,11,8,0,26,9,17,
GEEL,"Stewart, Tom",DEF,378,178,102,0,3,0,21,16,13,
GEEL,"Parfitt, Brandan",MID,225,32,207,8,7,0,128,35,29,
GEEL,"Atkins, Tom",DEF,207,84,169,0,1,0,75,9,27,
GEEL,"Dangerfield, Patrick",MID,212,71,159,8,7,0,53,28,22,
GEEL,"Bews, Jed",DEF,219,116,125,3,2,0,50,17,15,
GEEL,"Hawkins, Tom",FWD,215,129,127,62,37,92,50,14,35,
GEEL,"Henry, Jack",DEF,217,150,119,7,2,10,43,17,8,
GEEL,"Higgins, Shaun",FWD,157,80,177,4,12,0,49,11,13,
GEEL,"Blicavs, Mark",DEF,164,94,166,5,0,283,67,32,23,
GEEL,"Duncan, Mitch",FWD,200,98,115,8,2,0,33,16,5,
GEEL,"Close, Brad",FWD,132,61,159,15,10,0,72,25,8,
GEEL,"Stanley, Rhys",RUC,152,74,129,8,5,391,33,26,21,
GEEL,"Kolodjashnij, Jake",DEF,165,120,104,1,0,0,27,7,15,
GEEL,"Dahlhaus, Luke",FWD,103,41,150,7,15,0,79,18,19,
GEEL,"Miers, Gryan",FWD,130,58,102,12,7,0,23,12,4,
GEEL,"Narkle, Quinton",MID,86,37,129,4,4,0,25,3,6,
GEEL,"Rohan, Gary",FWD,147,75,67,32,18,0,41,22,14,
GEEL,"OConnor, Mark",MID,111,48,95,1,0,0,40,11,13,
GEEL,"Cameron, Jeremy",FWD,118,57,57,39,16,0,16,17,13,
GEEL,"Guthrie, Zach",FWD,120,51,40,0,1,0,32,7,4,
GEEL,"Holmes, Max",FWD,54,24,64,1,7,0,32,3,4,
GEEL,"Ratugolea, Esava",RUC,63,32,52,11,5,93,30,18,13,
GEEL,"Clark, Jordan",DEF,61,26,52,3,2,0,22,2,7,
GEEL,"Simpson, Sam",MID,28,13,25,2,2,0,8,4,3,
GEEL,"Constable, Charlie",MID,21,13,16,1,0,0,3,1,1,
GEEL,"Kreuger, Nathan",RUC,11,7,4,0,0,0,8,2,2,
GEEL,"De Koning, Sam",RUC,7,3,1,0,2,1,0,0,2,
GCS,"Miller, Touk",MID,334,95,334,8,8,1,149,35,26,
GCS,"Swallow, David",MID,258,106,202,6,7,0,99,16,24,
GCS,"Anderson, Noah",MID,264,83,189,0,6,0,60,11,19,
GCS,"Lukosius, Jack",DEF,382,172,60,3,11,0,32,13,20,
GCS,"Ellis, Brandon",MID,273,130,150,5,2,0,47,11,17,
GCS,"Bowes, Jack",DEF,307,97,97,1,2,0,38,10,15,
GCS,"Powell, Wil",DEF,259,115,132,1,1,0,54,21,14,
GCS,"Ballard, Charlie",DEF,227,140,61,0,0,0,25,20,16,
GCS,"Markov, Oleg",DEF,193,107,90,1,4,0,38,6,5,
GCS,"Lemmens, Sean",DEF,196,76,72,0,0,0,44,12,31,
GCS,"Greenwood, Hugh",MID,153,25,110,6,6,8,130,16,7,
GCS,"Ainsworth, Ben",FWD,187,90,74,12,18,0,35,14,14,
GCS,"Weller, Lachie",FWD,137,71,104,7,3,0,44,5,8,
GCS,"Fiorini, Brayden",MID,133,52,101,2,2,0,47,7,6,
GCS,"Collins, Sam",DEF,152,119,78,0,0,0,32,18,20,
GCS,"Sexton, Alex",FWD,167,87,50,21,14,0,23,14,7,
GCS,"Rankine, Izak",FWD,120,51,92,16,11,0,46,16,28,
GCS,"Holman, Nick",MID,111,67,94,10,5,0,72,15,15,
GCS,"Flanders, Sam",FWD,96,46,93,4,5,0,62,22,8,
GCS,"King, Ben",FWD,126,90,54,47,25,4,17,18,11,
GCS,"Burgess, Chris",RUC,112,67,62,10,10,177,42,16,12,
GCS,"Rowell, Matt",MID,66,22,103,2,0,0,49,24,13,
GCS,"Sharp, Jeremy",FWD,113,53,52,2,3,0,7,6,4,
GCS,"Macpherson, Darcy",FWD,98,48,60,1,6,0,43,9,10,
GCS,"Farrar, Jy",DEF,90,56,55,0,0,0,14,1,5,
GCS,"Corbett, Josh",FWD,101,78,41,23,11,4,12,13,12,
GCS,"Atkins, Rory",MID,47,16,41,2,2,0,9,0,3,
GCS,"Brodie, Will",FWD,25,7,39,0,1,0,8,3,3,
GCS,"Day, Sam",FWD,26,23,27,3,4,23,17,4,5,
GCS,"Witts, Jarrod",RUC,24,9,17,0,1,87,8,6,1,
GWS,"Taranto, Tim",FWD,372,118,265,13,13,0,128,26,23,
GWS,"Hopper, Jacob",MID,311,72,296,10,7,0,88,29,39,
GWS,"Kelly, Josh",MID,333,82,268,16,15,0,128,23,17,
GWS,"Ward, Callan",MID,278,90,267,15,5,5,71,34,24,
GWS,"Cumming, Isaac",DEF,372,131,153,1,4,0,56,12,18,
GWS,"Whitfield, Lachie",DEF,283,107,142,3,1,0,41,15,11,
GWS,"Perryman, Harry",DEF,268,92,132,4,5,0,39,12,6,
GWS,"Ash, Lachie",DEF,265,111,127,1,1,0,63,6,10,
GWS,"Haynes, Nick",DEF,253,156,120,1,1,0,17,14,13,
GWS,"Green, Tom",MID,139,55,221,7,6,1,53,19,15,
GWS,"Greene, Toby",FWD,232,78,77,45,41,2,39,33,29,
GWS,"Himmelberg, Harry",FWD,194,108,107,36,19,5,46,22,21,
GWS,"Idun, Connor",DEF,173,124,114,0,0,0,41,15,11,
GWS,"Taylor, Sam",DEF,164,116,109,0,0,0,39,22,8,
GWS,"Lloyd, Daniel",FWD,140,68,63,20,8,0,45,8,19,
GWS,"OHalloran, Xavier",MID,124,42,56,5,3,0,22,10,8,
GWS,"Daniels, Brent",FWD,91,22,86,2,4,0,35,12,4,
GWS,"Buckley, Jack",DEF,112,68,57,0,2,1,34,7,17,
GWS,"de Boer, Matt",MID,66,34,94,2,2,0,40,5,7,
GWS,"Hill, Bobby",FWD,113,33,41,14,12,0,48,10,4,
GWS,"Flynn, Matt",RUC,55,46,87,5,2,222,30,16,9,
GWS,"Mumford, Shane",RUC,44,19,98,4,0,364,68,27,26,
GWS,"Finlayson, Jeremy",FWD,106,40,35,23,9,24,15,14,11,
GWS,"Kennedy, Adam",DEF,72,35,59,1,1,0,20,5,5,
GWS,"Reid, Sam",FWD,64,25,58,4,4,0,35,7,15,
GWS,"Hogan, Jesse",FWD,74,57,41,20,9,0,11,6,7,
GWS,"Davis, Phil",DEF,64,47,47,0,0,0,16,10,14,
GWS,"Coniglio, Stephen",FWD,61,14,42,1,4,0,27,7,3,
GWS,"Bruhn, Tanner",FWD,56,16,45,4,4,0,33,8,5,
GWS,"Sproule, Zach",FWD,55,27,31,11,5,14,26,9,15,
GWS,"Riccardi, Jake",FWD,44,24,37,2,1,2,3,2,1,
GWS,"Keeffe, Lachlan",DEF,57,37,22,1,0,19,16,4,5,
GWS,"Briggs, Kieren",RUC,23,9,26,2,0,85,22,8,6,
GWS,"Peatling, James",DEF,27,15,15,0,0,0,6,4,4,
HAW,"Mitchell, Tom",MID,321,98,433,8,5,0,105,24,29,
HAW,"OMeara, Jaeger",MID,232,74,241,5,9,0,91,16,31,
HAW,"Shiels, Liam",MID,244,93,200,5,4,0,99,16,31,
HAW,"Worpel, James",MID,232,54,194,10,8,0,82,15,27,
HAW,"Hardwick, Blake",DEF,312,108,106,0,2,0,41,22,10,
HAW,"Scrimshaw, Jack",DEF,249,127,163,4,2,0,29,8,3,
HAW,"Phillips, Tom",MID,241,93,165,13,5,0,47,23,6,
HAW,"Howe, Daniel",MID,249,109,124,8,5,0,40,18,17,
HAW,"Wingard, Chad",FWD,199,58,158,12,11,0,61,19,8,
HAW,"Frost, Sam",DEF,194,112,139,0,0,3,44,7,31,
HAW,"Jiath, Changkuoth",DEF,172,93,152,0,2,0,26,18,22,
HAW,"Moore, Dylan",FWD,160,76,147,27,11,0,58,27,9,
HAW,"Impey, Jarman",FWD,181,70,107,2,0,0,33,16,4,
HAW,"McEvoy, Ben",RUC,135,111,140,12,8,370,78,28,14,
HAW,"Breust, Luke",FWD,121,47,117,33,11,0,62,12,13,
HAW,"Morrison, Harry",FWD,124,67,107,7,2,0,34,7,14,
HAW,"OBrien, Tim",FWD,147,90,72,12,5,12,32,18,16,
HAW,"Hartigan, Kyle",DEF,106,66,95,0,0,2,16,15,28,
HAW,"Bramble, Lachlan",DEF,119,44,64,1,3,0,20,7,3,
HAW,"Ceglar, Jonathon",RUC,67,53,113,2,2,249,26,10,16,
HAW,"Koschitzke, Jacob",FWD,98,77,65,27,19,1,37,13,7,
HAW,"Lewis, Mitch",FWD,91,67,51,22,9,29,28,13,10,
HAW,"Day, Will",DEF,55,25,44,0,0,0,8,5,7,
HAW,"Brockman, Tyler",FWD,52,27,46,10,4,0,23,2,6,
HAW,"Greaves, Damon",FWD,48,16,26,1,0,0,12,6,2,
HAW,"Newcombe, Jai",MID,32,17,30,1,1,0,39,4,8,
HAW,"Grainger-Barras, Denver",DEF,25,17,12,0,0,0,11,3,2,
HAW,"Jeka, Emerson",FWD,13,7,13,2,2,0,4,1,0,
HAW,"Maginness, Finn",MID,5,1,10,0,0,0,5,1,1,
HAW,"Downie, Connor",MID,6,2,6,0,0,0,0,0,0,
HAW,"Gunston, Jack",FWD,6,1,1,0,0,0,2,0,0,
MEL,"Oliver, Clayton",MID,358,89,431,11,18,0,136,43,46,
MEL,"Petracca, Christian",MID,409,126,321,29,19,0,103,23,29,
MEL,"Salem, Christian",DEF,405,145,203,3,2,0,58,14,18,
MEL,"Langdon, Ed",MID,315,130,209,13,9,0,45,15,8,
MEL,"Gawn, Max",RUC,316,131,147,16,17,804,71,33,34,
MEL,"Brayshaw, Angus",MID,274,105,186,3,7,0,61,12,19,
MEL,"Neal-Bullen, Alex",FWD,255,80,153,15,11,0,111,30,19,
MEL,"May, Steven",DEF,339,125,61,0,2,0,24,14,17,
MEL,"Lever, Jake",DEF,242,136,147,0,1,0,44,23,23,
MEL,"Rivers, Trent",DEF,241,101,137,1,1,0,39,7,14,
MEL,"Harmes, James",MID,152,52,222,7,10,0,94,20,24,
MEL,"Jordon, James",MID,178,64,185,6,6,0,97,18,9,
MEL,"Viney, Jack",MID,162,37,173,4,7,0,106,30,18,
MEL,"McDonald, Tom",FWD,217,122,105,33,22,30,51,22,26,
MEL,"Jackson, Luke",RUC,107,72,201,16,9,255,48,24,11,
MEL,"Pickett, Kysaiah",FWD,193,59,103,40,28,0,87,20,21,
MEL,"Spargo, Charlie",FWD,195,84,92,18,16,0,59,26,16,
MEL,"Hunt, Jayden",DEF,179,64,95,2,3,0,49,16,19,
MEL,"Fritsch, Bayley",FWD,190,116,54,59,24,0,47,18,21,
MEL,"Hibberd, Michael",DEF,127,58,100,0,0,0,35,16,10,
MEL,"Sparrow, Tom",FWD,102,40,84,7,4,0,57,13,15,
MEL,"Petty, Harry",DEF,107,68,54,0,0,0,31,11,17,
MEL,"Brown, Ben",FWD,102,69,24,25,13,13,20,11,6,
MEL,"Bowey, Jake",DEF,61,23,58,0,0,0,5,1,7,
MEL,"Melksham, Jake",FWD,58,25,49,8,4,0,18,3,10,
MEL,"Tomlinson, Adam",DEF,61,38,23,0,0,0,9,2,6,
MEL,"Weideman, Sam",FWD,19,16,21,3,4,1,9,3,1,
MEL,"Baker, Oskar",MID,12,5,3,0,0,0,4,0,0,
MEL,"Chandler, Kade",FWD,1,0,3,0,0,0,2,0,2,
NM,"Simpkin, Jy",MID,325,96,267,2,5,0,84,34,28,
NM,"Hall, Aaron",DEF,423,150,135,2,6,0,45,8,4,
NM,"Ziebell, Jack",DEF,426,155,104,2,0,0,40,17,14,
NM,"Davies-Uniacke, Luke",MID,229,97,211,6,12,0,64,11,27,
NM,"Cunnington, Ben",MID,203,62,199,9,8,0,74,30,31,
NM,"Thomas, Tarryn",FWD,233,96,149,24,17,0,72,29,19,
NM,"Stephenson, Jaidyn",FWD,249,109,119,17,19,0,48,16,10,
NM,"Goldstein, Todd",RUC,160,80,154,12,4,655,42,35,25,
NM,"Turner, Kayne",DEF,134,69,126,2,4,0,59,35,15,
NM,"Walker, Josh",DEF,153,114,103,3,1,15,22,10,9,
NM,"Dumont, Trent",MID,168,75,82,0,0,0,26,5,6,
NM,"Taylor, Curtis",FWD,154,79,96,7,5,0,40,13,13,
NM,"Zurhaar, Cameron",FWD,163,75,72,31,23,0,58,19,27,
NM,"Mahony, Jack",FWD,116,53,104,9,4,0,61,14,13,
NM,"Powell, Tom",FWD,107,47,110,4,2,0,48,7,7,
NM,"Scott, Bailey",FWD,111,52,106,8,5,0,32,5,7,
NM,"Larkey, Nick",FWD,123,84,87,42,15,30,27,32,12,
NM,"McKay, Ben",DEF,99,95,111,0,0,0,31,14,17,
NM,"McDonald, Luke",DEF,114,57,75,0,2,0,28,2,10,
NM,"Young, Lachie",DEF,108,58,60,0,2,0,23,13,16,
NM,"Phillips, Will",FWD,71,31,81,3,4,0,33,7,5,
NM,"Tarrant, Robbie",DEF,104,67,41,0,0,0,10,7,14,
NM,"Anderson, Jed",FWD,65,22,67,4,1,0,40,5,9,
NM,"Bonar, Aiden",DEF,72,36,35,0,0,0,16,4,8,
NM,"Polec, Jared",MID,48,17,15,0,2,0,10,3,5,
PORT,"Wines, Ollie",MID,362,100,415,10,15,0,105,33,19,
PORT,"Boak, Travis",MID,305,67,335,8,18,0,110,37,25,
PORT,"Amon, Karl",MID,370,141,196,11,17,0,98,16,23,
PORT,"Houston, Dan",DEF,313,110,168,7,6,0,56,10,15,
PORT,"Byrne-Jones, Darcy",DEF,301,104,179,0,2,0,66,26,12,
PORT,"Burton, Ryan",DEF,320,133,113,0,1,0,61,14,23,
PORT,"Drew, Willem",MID,177,52,247,4,4,0,164,21,30,
PORT,"Aliir, Aliir",DEF,268,156,100,0,1,5,37,25,20,
PORT,"Jonas, Tom",DEF,260,133,94,0,0,0,37,21,19,
PORT,"Rozee, Connor",FWD,176,71,159,21,13,0,60,25,14,
PORT,"Bergman, Miles",MID,199,101,126,7,7,0,42,16,5,
PORT,"Gray, Robbie",FWD,157,67,161,20,8,0,48,16,14,
PORT,"Motlop, Steven",FWD,169,81,128,13,8,0,47,13,11,
PORT,"Dixon, Charlie",FWD,178,97,117,48,24,104,50,39,27,
PORT,"Lycett, Scott",RUC,140,56,154,6,6,520,77,27,38,
PORT,"Bonner, Riley",DEF,206,67,73,2,1,0,16,5,9,
PORT,"Ladhams, Peter",FWD,129,58,102,13,5,228,40,24,20,
PORT,"Butters, Zak",FWD,111,50,114,8,2,0,42,12,12,
PORT,"Powell-Pepper, Sam",FWD,115,39,104,10,8,0,61,13,18,
PORT,"Marshall, Todd",FWD,159,85,55,24,12,5,27,18,8,
PORT,"McKenzie, Trent",DEF,183,84,30,1,0,0,24,6,7,
PORT,"Georgiades, Mitch",FWD,134,93,76,32,17,0,37,14,31,
PORT,"Duursma, Xavier",MID,111,52,96,3,3,0,29,13,9,
PORT,"Fantasia, Orazio",FWD,126,48,52,28,23,0,30,10,6,
PORT,"Clurey, Tom",DEF,103,61,37,0,0,0,12,5,8,
PORT,"Farrell, Kane",FWD,67,23,55,4,3,0,24,1,11,
PORT,"Jones, Lachie",DEF,44,22,37,1,0,0,9,4,5,
PORT,"Frederick, Martin",FWD,33,17,42,1,0,0,10,5,5,
RICH,"Short, Jayden",DEF,411,134,131,1,2,0,39,17,8,
RICH,"Baker, Liam",DEF,238,88,208,7,8,0,61,12,33,
RICH,"Graham, Jack",MID,220,56,198,11,7,0,122,21,27,
RICH,"Bolton, Shai",FWD,208,82,185,23,20,0,55,13,26,
RICH,"Martin, Dustin",FWD,200,46,161,19,7,0,36,9,12,
RICH,"Cotchin, Trent",MID,206,53,147,2,0,0,57,17,13,
RICH,"Edwards, Shane",MID,149,47,145,8,3,0,36,6,13,
RICH,"Grimes, Dylan",FWD,159,118,127,0,0,0,47,23,20,
RICH,"Pickett, Marlion",MID,119,63,163,2,4,16,62,11,34,
RICH,"Lambert, Kane",FWD,137,54,131,6,4,0,40,8,13,
RICH,"Nankervis, Toby",RUC,114,49,153,1,5,360,57,22,28,
RICH,"McIntosh, Kamdyn",MID,182,69,81,1,4,0,41,13,19,
RICH,"Rioli, Daniel",FWD,120,54,127,9,6,0,46,20,11,
RICH,"Castagna, Jason",FWD,120,85,126,17,13,0,41,13,3,
RICH,"Riewoldt, Jack",FWD,187,107,53,51,29,0,38,12,24,
RICH,"Broad, Nathan",DEF,159,89,70,0,0,0,17,7,5,
RICH,"Aarts, Jake",FWD,122,53,100,18,12,0,53,20,27,
RICH,"Vlastuin, Nick",DEF,155,82,63,0,1,0,27,9,14,
RICH,"Prestia, Dion",MID,93,29,107,1,3,0,37,17,8,
RICH,"Lynch, Tom",FWD,130,87,69,35,33,24,28,17,24,
RICH,"Balta, Noah",DEF,129,65,54,2,1,14,18,7,10,
RICH,"Ross, Jack",MID,77,43,82,2,0,0,22,5,5,
RICH,"Mansell, Rhyan",DEF,91,35,53,1,0,0,29,13,14,
RICH,"Collier-Dawkins, Riley",MID,58,21,74,3,0,0,32,5,9,
RICH,"Stack, Sydney",DEF,60,36,57,2,1,0,17,5,5,
RICH,"Caddy, Josh",MID,68,36,45,2,5,0,11,4,3,
RICH,"Chol, Mabior",RUC,59,31,41,7,4,123,25,8,8,
RICH,"Coleman-Jones, Callum",FWD,38,30,46,11,4,61,13,7,8,
RICH,"Parker, Matthew",FWD,47,18,32,3,3,0,29,1,6,
RICH,"Dow, Thomson",MID,29,16,37,0,2,0,5,1,2,
RICH,"Rioli, Maurice",FWD,7,1,2,2,0,0,4,1,1,
STK,"Steele, Jack",MID,311,103,331,13,8,0,185,43,32,
STK,"Crouch, Brad",MID,248,56,279,7,5,0,109,23,24,
STK,"Sinclair, Jack",MID,281,102,162,3,2,0,48,9,10,
STK,"Hill, Bradley",MID,279,86,155,3,1,0,50,6,21,
STK,"Ross, Sebastian",MID,225,91,195,5,8,0,61,12,12,
STK,"Billings, Jack",MID,218,113,143,14,14,0,35,14,10,
STK,"Wilkie, Callum",DEF,248,126,85,0,1,0,39,17,25,
STK,"Howard, Dougal",DEF,256,102,68,0,1,1,25,14,15,
STK,"Webster, Jimmy",DEF,205,93,117,1,0,0,29,12,9,
STK,"Membrey, Tim",FWD,227,151,85,34,26,12,22,18,10,
STK,"Jones, Zak",MID,163,49,141,4,2,0,57,17,13,
STK,"Dunstan, Luke",MID,169,51,134,1,4,0,59,18,19,
STK,"Higgins, Jack",FWD,161,79,131,27,16,0,42,20,12,
STK,"Clark, Hunter",DEF,154,53,95,2,1,0,40,8,16,
STK,"Butler, Dan",FWD,170,43,78,18,17,0,82,18,20,
STK,"Byrnes, Ryan",FWD,131,76,116,6,1,0,29,9,1,
STK,"Coffield, Nick",DEF,159,89,69,1,1,0,25,18,10,
STK,"Marshall, Rowan",RUC,137,63,66,9,5,241,39,18,13,
STK,"King, Max",FWD,126,90,67,38,30,11,16,18,14,
STK,"Battle, Josh",FWD,113,61,73,3,7,2,46,13,11,
STK,"McKenzie, Daniel",MID,105,56,75,5,0,0,20,6,12,
STK,"Highmore, Tom",DEF,97,66,75,0,0,0,31,10,13,
STK,"Bytel, Jack",MID,70,18,79,2,1,0,55,8,8,
STK,"Long, Ben",FWD,94,52,49,2,9,0,35,10,16,
STK,"Ryder, Paddy",RUC,82,37,36,5,1,362,30,9,17,
STK,"Kent, Dean",FWD,56,35,40,5,6,0,22,3,7,
STK,"Wood, Mason",FWD,51,30,41,7,2,0,24,3,7,
STK,"Gresham, Jade",FWD,42,12,21,1,0,0,6,0,5,
STK,"Hannebery, Dan",MID,18,4,22,0,0,0,3,1,2,
SYD,"Parker, Luke",MID,298,87,343,15,8,0,106,39,35,
SYD,"Lloyd, Jake",DEF,404,124,210,1,1,0,40,14,18,
SYD,"Dawson, Jordan",DEF,354,126,159,9,7,0,68,22,23,
SYD,"Kennedy, Josh",MID,220,76,285,4,6,0,100,19,13,
SYD,"Mills, Callum",MID,256,107,239,6,1,0,95,22,11,
SYD,"Florent, Oliver",MID,273,93,163,9,6,0,50,18,19,
SYD,"McInerney, Justin",MID,229,113,150,7,2,1,23,21,19,
SYD,"Hewett, George",MID,160,74,216,0,0,0,71,12,15,
SYD,"Rampe, Dane",DEF,248,123,113,0,1,0,34,14,24,
SYD,"Hickey, Tom",RUC,193,60,154,10,7,506,45,25,38,
SYD,"Cunningham, Harry",DEF,229,108,113,0,0,0,55,13,14,
SYD,"Heeney, Isaac",FWD,222,119,111,36,21,1,41,22,16,
SYD,"Papley, Tom",FWD,230,89,83,43,27,0,34,21,22,
SYD,"McCartin, Tom",DEF,196,111,101,0,0,0,23,17,16,
SYD,"Gulden, Errol",FWD,195,82,87,14,11,0,52,24,14,
SYD,"Rowbottom, James",MID,152,35,110,6,3,0,105,12,14,
SYD,"Wicks, Sam",FWD,143,65,102,17,18,0,89,17,24,
SYD,"Warner, Chad",MID,135,31,81,8,5,0,48,6,17,
SYD,"Blakey, Nick",DEF,138,65,75,3,6,12,28,7,6,
SYD,"Franklin, Lance",FWD,157,81,56,51,24,0,46,24,34,
SYD,"Hayward, Will",FWD,134,81,74,28,15,0,60,15,18,
SYD,"Fox, Robbie",DEF,95,40,87,0,0,1,28,5,7,
SYD,"Campbell, Braeden",DEF,71,26,41,1,2,0,11,4,3,
SYD,"Reid, Sam",FWD,62,45,47,6,6,78,28,14,6,
SYD,"McLean, Hayden",RUC,67,53,35,11,6,30,23,5,5,
SYD,"Melican, Lewis",DEF,53,30,23,0,0,0,5,5,3,
SYD,"Bell, James",FWD,38,24,37,2,2,0,25,7,5,
SYD,"McDonald, Logan",FWD,38,22,21,9,5,0,6,8,3,
SYD,"Stephens, Dylan",MID,30,20,29,1,1,0,8,1,8,
SYD,"Amartey, Joel",RUC,38,16,17,5,3,49,23,4,7,
SYD,"ORiordan, Colin",DEF,30,13,15,0,0,0,6,3,0,
SYD,"Sinclair, Callum",RUC,19,10,21,1,0,99,11,6,3,
WCE,"Sheed, Dom",MID,320,108,259,9,6,0,51,27,26,
WCE,"Gaff, Andrew",MID,343,140,234,3,1,0,35,16,16,
WCE,"Kelly, Tim",MID,245,62,209,6,8,0,64,13,17,
WCE,"Redden, Jack",MID,208,104,235,3,1,0,71,20,13,
WCE,"Naitanui, Nic",RUC,154,34,181,3,7,687,65,30,17,
WCE,"Hurn, Shannon",DEF,260,103,67,0,0,0,24,9,5,
WCE,"Cripps, Jamie",FWD,205,82,109,26,26,0,86,17,20,
WCE,"Rotham, Josh",DEF,232,161,73,0,1,0,18,13,17,
WCE,"Cole, Tom",DEF,203,105,98,0,0,0,44,14,24,
WCE,"Darling, Jack",FWD,176,123,91,42,19,16,53,29,25,
WCE,"Duggan, Liam",DEF,188,94,77,0,0,0,30,4,9,
WCE,"Yeo, Elliot",MID,150,27,114,3,7,0,63,20,20,
WCE,"McGovern, Jeremy",DEF,196,111,50,0,0,9,15,17,9,
WCE,"Nelson, Jackson",DEF,176,76,57,0,1,0,26,4,7,
WCE,"Barrass, Tom",DEF,168,117,53,0,0,1,10,14,6,
WCE,"Allen, Oscar",FWD,154,99,58,28,16,31,39,20,19,
WCE,"Witherden, Alex",DEF,166,59,34,1,0,0,18,4,12,
WCE,"Langdon, Zac",FWD,81,55,101,6,7,0,35,6,14,
WCE,"Kennedy, Josh",FWD,131,89,47,41,21,2,21,14,16,
WCE,"Petruccelle, Jack",FWD,108,59,69,16,8,0,27,5,13,
WCE,"Waterman, Jake",FWD,129,89,44,13,8,0,27,12,7,
WCE,"Brander, Jarrod",FWD,108,53,60,5,6,0,11,5,3,
WCE,"Shuey, Luke",MID,104,23,56,0,1,0,30,18,7,
WCE,"Ryan, Liam",FWD,116,55,28,24,10,0,21,11,9,
WCE,"Edwards, Harry",DEF,75,53,28,0,0,0,20,6,6,
WCE,"Jones, Jamaine",FWD,64,21,37,11,3,0,47,11,6,
WCE,"Edwards, Luke",MID,57,26,43,0,1,0,10,5,4,
WCE,"ONeill, Xavier",MID,47,16,37,1,1,0,15,4,2,
WCE,"Foley, Luke",DEF,53,23,21,1,0,0,7,0,3,
WCE,"West, Connor",MID,35,16,28,1,4,0,13,4,7,
WCE,"Williams, Bailey",RUC,23,15,12,3,3,50,8,1,7,
WCE,"Winder, Isiah",FWD,2,1,3,1,0,0,1,1,0,
WB,"Macrae, Jack",MID,435,102,445,6,4,1,128,44,26,
WB,"Bontempelli, Marcus",MID,396,104,299,31,19,8,127,41,37,
WB,"Daniel, Caleb",DEF,364,100,267,7,1,0,58,18,12,
WB,"Dale, Bailey",DEF,447,100,176,9,0,0,26,10,12,
WB,"Smith, Bailey",MID,354,97,259,17,13,0,87,21,19,
WB,"Liberatore, Tom",MID,285,65,313,14,12,0,135,35,26,
WB,"Hunter, Lachie",MID,326,125,220,10,7,0,60,34,9,
WB,"Duryea, Taylor",DEF,281,132,156,1,0,0,48,22,15,
WB,"Treloar, Adam",MID,186,50,209,13,9,0,73,11,16,
WB,"Williams, Bailey",DEF,247,104,136,1,2,0,53,10,12,
WB,"Dunkley, Josh",FWD,129,56,220,5,8,0,78,15,7,
WB,"English, Tim",RUC,164,103,126,19,15,341,63,28,24,
WB,"Naughton, Aaron",FWD,186,153,94,47,40,2,39,21,16,
WB,"Keath, Alex",DEF,161,110,117,0,1,13,43,20,18,
WB,"Johannisen, Jason",DEF,152,67,99,15,12,0,41,9,7,
WB,"Bruce, Josh",FWD,138,100,83,48,21,28,26,13,26,
WB,"Cordy, Zaine",DEF,126,67,57,0,0,5,38,18,12,
WB,"Scott, Anthony",FWD,88,33,95,10,8,0,35,17,5,
WB,"Wood, Easton",DEF,111,70,65,2,0,0,22,9,12,
WB,"Hannan, Mitch",FWD,114,59,53,14,13,6,51,11,8,
WB,"Smith, Roarke",FWD,79,29,88,3,4,0,34,4,7,
WB,"Weightman, Cody",FWD,120,48,40,26,13,0,30,25,9,
WB,"Crozier, Hayden",DEF,111,59,48,0,0,0,14,6,4,
WB,"Lipinski, Patrick",MID,74,39,79,2,1,0,22,2,5,
WB,"McNeil, Lachlan",FWD,60,21,51,7,8,0,24,7,7,
WB,"Garcia, Riley",MID,57,14,46,4,3,0,17,6,8,
WB,"Young, Lewis",RUC,47,24,52,1,1,71,14,9,7,
WB,"Vandermeer, Laitham",FWD,46,24,50,6,8,0,26,6,9,
WB,"Schache, Josh",FWD,67,41,27,5,4,5,11,5,6,
WB,"Martin, Stefan",RUC,29,11,64,1,0,154,17,9,20,
WB,"Richards, Ed",DEF,43,16,25,1,0,0,9,4,5,
WB,"Wallis, Mitch",FWD,28,20,33,4,2,0,10,5,3,
WB,"Gardner, Ryan",DEF,37,20,18,0,0,0,5,5,9,
WB,"Sweet, Jordon",RUC,21,12,22,1,2,99,19,8,10,
WB,"McLean, Toby",FWD,17,9,25,2,2,0,13,3,1,
WB,"Ugle-Hagan, Jamarra",FWD,25,14,10,7,2,0,8,3,2,
WB,"West, Rhylee",MID,6,2,3,0,2,0,3,0,5,
