PLAYER,K,H,M,T,FF,FA,HO,G,B,GA,D,ED,IED,I50,R50,CL,SP,CP,UCP,CM,FD,CS
Touk Miller,15.9,15.9,4.5,7.1,1.7,1.2,0,0.4,0.4,0.4,31.8,22.7,9.1,4.3,2.4,5.7,0.3,12.6,19.8,0.1,0.4,4.5
Jack Steele,14.1,15,4.7,8.4,2,1.5,0,0.6,0.4,0.5,29,20.5,8.5,4.8,1.7,6.3,0.7,13.8,15.1,0.3,0.5,4
Jarryd Lyons,16.5,11.7,5,6.5,1.5,0.5,0,0.5,0.3,0.8,28.2,18.7,9.5,4.5,1.3,6,0.4,13.5,14.1,0.4,1,3.3
Jack Macrae,16.3,17.5,4.2,4.8,1.7,1,0,0.2,0.2,1.2,33.8,25.7,8.1,5,1.9,6.8,0.2,13,21.2,0.1,0.6,3.2
Tom Mitchell,14.6,19.7,4.5,4.9,1.1,1.3,0,0.4,0.2,0.5,34.3,25.6,8.7,4.1,2.2,4.8,0,11.6,22.9,0,-0.2,3.7
Ollie Wines,15.3,16.8,4.2,4.5,1.5,0.8,0,0.4,0.6,0.6,32.1,22,10.1,5.2,1.6,5.9,0.3,14.6,17,0.5,0.6,4.6
Rory Laird,14.3,17.7,3.7,6,1.7,1.5,0,0.1,0.4,0.7,32,22.6,9.4,3.7,2.1,6.9,0.2,14.8,17.4,0.1,0.2,4.5
Christian Petracca,16.1,12.5,5.3,4.3,1,1.2,0,1.1,0.6,0.6,28.6,17.4,11.2,6.7,1.2,6.3,0.3,13.6,15.1,0.4,-0.3,5
Zach Merrett,15.7,15.9,4.2,4.7,1.8,1,0,0.2,0.3,0.9,31.5,23.6,7.9,5.5,2.4,3.7,0.5,8.8,22.6,0,0.8,3.9
Callum Mills,14.2,13.3,5.9,5.3,1.2,0.6,0,0.3,0.1,0.5,27.5,20.7,6.8,4.2,2.7,4.8,0.8,10.4,17.1,0.1,0.7,3.1
Cameron Guthrie,15.4,14.6,6,4.1,0.9,0.8,0,0.2,0.4,0.6,30,22.2,7.8,4,1.7,5.1,0.2,9.9,19.7,0.2,0.2,2.5
Sam Walsh,13.5,16.3,5.8,4.5,1.1,1.5,0,0.5,0.3,0.7,29.8,22.2,7.6,3.9,1.3,4.8,0.2,11.5,18.5,0.3,-0.4,3.6
Aaron Hall,21.2,6.8,7.5,2.2,0.4,0.2,0,0.1,0.3,0.4,27.9,21.2,6.8,2.9,7.4,0.5,1,4.1,19.5,0.2,0.2,3.3
Dayne Zorko,17.1,7.2,5.4,6.2,1.4,1.7,0,0.8,0.9,1.1,24.3,16.3,8,6.6,1.9,4.7,0.4,9.8,13.7,0,-0.3,4.6
Clayton Oliver,14.2,17.4,3.6,5.3,1.8,2,0,0.4,0.8,0.5,31.6,22.1,9.5,5.2,1.9,7.6,0.3,17.7,14.1,0.2,-0.1,5.2
Max Gawn,12.4,6,5.2,2.6,1.3,1.2,32,0.5,0.6,0.4,18.4,11.8,6.6,3.1,1.8,4.3,3.3,10.5,7.9,2.3,0.1,3.5
Ben Keays,15.9,12.2,3.7,6,1.2,1.5,0,0.5,0.4,0.5,28.1,18.4,9.7,5.4,2,5.6,0.2,11,15.6,0.1,-0.3,4.6
Marcus Bontempelli,15.5,11.7,4,5,1.8,1.4,0.3,1.2,0.7,1,27.2,18.7,8.5,6.6,1.8,5.5,1.5,11.3,17.2,0.7,0.5,4.9
Tim Taranto,15.5,11.4,5,5.4,1,1,0,0.5,0.6,0.3,26.9,17.3,9.6,4.2,1.7,4.3,0.4,10,15.8,0.2,0,5
Brodie Grundy,9.3,9.9,3.6,4.2,1.6,2.2,32.4,0.6,0.3,0.3,19.1,12.7,6.4,2.5,1.4,4,1.7,10.9,8.7,1,-0.6,4.6
Darcy Parish,14.5,15.8,4.2,3.9,0.5,0.4,0,0.4,0.3,0.9,30.3,21.9,8.4,6,1.3,7.4,0.1,13.2,17.5,0,0.1,3.5
Brayden Fiorini,14.8,11.2,5.8,5.2,0.8,0.7,0,0.2,0.2,0.3,26,18.8,7.2,3.3,2.7,4.4,0.7,10,16.7,0,0.1,4.4
Andrew Brayshaw,13.3,15.2,5.1,4.7,1.3,1.2,0,0.4,0.3,0.3,28.4,21.9,6.6,4,2.4,3.7,0.5,9,19.8,0,0.1,3.2
Josh Kelly,14.5,11.6,3.7,5.5,1,0.7,0,0.7,0.7,0.2,26.1,18.4,7.7,4.7,2.2,3.7,0.5,9.3,17.1,0,0.3,3
Jack Crisp,15.5,11.5,6.7,3.6,0.7,1.3,0,0.1,0.2,0.6,27,20.2,6.8,4.1,3.8,2.7,1.2,9.1,18.2,0.7,-0.6,4.2
Taylor Adams,13.9,13.4,3.3,5.6,2.1,1.1,0,0.1,0.1,0.2,27.3,17.8,9.5,4.5,1.1,7.1,0.2,13.6,13.6,0.2,1.1,5.7
Mitch Duncan,14.9,8.8,7.2,2.7,1.2,0.2,0,0.8,0.2,0.4,23.7,18.4,5.3,3.5,2.2,2.6,0.5,5.4,17.5,0,1,1.9
Jack Ziebell,20.3,5,7.4,2,0.8,0.7,0,0.1,0,0,25.2,21,4.2,0.9,7.2,0.4,2.5,5.1,13.4,0.7,0.1,2.8
Hugh McCluggage,17,8,5.1,3.7,1,0.8,0,0.6,0.9,1.3,24.9,15.8,9.1,4.5,2.2,3.5,0.1,8.7,16,0.1,0.1,3.5
Luke Parker,12.8,14.8,3.8,4.6,1.6,1.5,0,0.7,0.3,0.8,27.6,19.1,8.5,4.1,1.2,6.3,0.5,13.3,13.9,0.4,0.2,4.2
Ben Cunnington,13.5,13.3,4.1,4.9,2,2.1,0,0.6,0.5,0.5,26.8,18.8,8,3.6,1.5,7.5,0.3,15.6,11.6,0.4,-0.1,4.6
Karl Amon,15.6,8,6,4,0.7,0.8,0,0.5,0.8,0.5,23.6,17.1,6.5,4.6,2.4,1.9,0.5,4.8,18.4,0,-0.1,3.1
Sam Docherty,18,6.3,7.6,2.2,1.1,0.3,0,0,0,0.2,24.3,19.5,4.8,2.1,5.5,1.4,1.6,5.9,16.6,0.4,0.9,2.6
Jake Lloyd,18.4,9.8,5.8,1.9,0.7,0.9,0,0,0,0.2,28.2,24.7,3.6,1.9,6.6,0.4,1.7,4.1,18.2,0.1,-0.2,2.4
Daniel Rich,21.6,4.5,5.8,1.6,0.5,0.5,0,0.1,0.4,0.2,26.1,20.6,5.5,3,7.7,1.1,1.7,5.5,15.2,0.4,0.1,2.7
Travis Boak,13.2,14.6,2.8,4.8,1.6,1,0,0.4,0.6,0.9,27.8,19.4,8.4,4.1,1.2,6.2,0.1,13,15,0.1,0.6,3.9
Andrew Gaff,16.3,11.1,6.6,1.7,0.8,0.8,0,0.1,0,0.6,27.5,21.1,6.3,3.7,1.8,2.9,0.4,7.3,20,0.2,0,3
Tom Stewart,18.9,5.1,8.9,1.1,0.8,0.7,0,0,0.2,0.2,24,20.4,3.7,1.8,6.1,0.3,3.1,5.8,14.9,1.2,0.2,2.3
Jaeger O'Meara,12.9,13.4,4.1,5.1,0.9,1.7,0,0.3,0.5,0.3,26.3,18.6,7.7,4.4,2.1,6.1,0.4,11.8,14.9,0.2,-0.8,3.9
Paul Seedsman,15.8,10.3,5.4,2.3,0.8,0.8,0,0.5,0.6,0.6,26.1,19,7.1,5.7,2.8,2,0.4,6.1,19.8,0.1,0,3.4
Jy Simpkin,14.8,12.1,4.4,3.8,1.5,1.3,0,0.1,0.2,0.6,26.9,18.9,8,4.7,1.3,5.1,0.4,10.7,16.4,0.1,0.3,4.5
Brad Crouch,12.4,14,2.8,5.5,1.2,1.2,0,0.4,0.3,0.3,26.4,17.3,9.1,3.2,1.6,4.9,0.1,11.2,14.3,0,-0.1,4.4
Lachie Whitfield,16.5,8.2,6.5,2.2,0.9,0.5,0,0.2,0.1,0.6,24.7,18.5,6.1,2.7,3.3,1.5,0.8,5.5,17.8,0.1,0.4,3.2
Dyson Heppell,14.7,10.1,6.9,2.6,0.8,0.7,0,0.1,0.1,0.3,24.8,20.1,4.7,2.4,3.9,0.6,1.6,6.2,17.5,0.4,0.2,2.3
Luke Dunstan,14.1,11.2,4.3,4.9,1.5,1.6,0,0.1,0.3,0.2,25.3,16.7,8.6,5,0.9,5.8,0.3,11.2,13.9,0,-0.1,4.2
Lachie Neale,12.3,13.5,3.7,4.2,2,0.9,0,0.5,0.3,0.5,25.7,18.9,6.9,4.3,1.5,6.1,0,11.9,13.5,0,1.1,3.1
Brandon Ellis,15.2,8.3,7.2,2.6,0.6,0.9,0,0.3,0.1,0.4,23.5,17.8,5.7,2.7,2.6,1.7,0.6,6.2,17.6,0.1,-0.3,3.2
Sean Darcy,7.4,9.2,4.3,3,1,1.9,28.5,0.6,0.6,0.2,16.6,11.4,5.2,2.8,0.7,4.7,1.6,11,6.1,1.9,-0.8,3.5
Jack Redden,11.6,13.1,5.7,3.9,1.1,0.7,0,0.2,0.1,0.2,24.6,18.6,6,2.7,1.1,3.9,0.2,9.6,15.6,0.4,0.4,2.9
Jayden Short,18.7,6,6.1,1.8,0.8,0.4,0,0,0.1,0.1,24.6,20,4.6,2.3,6.9,0.5,0.8,3.9,16.5,0,0.4,2.6
Isaac Smith,15.8,7,7.3,1.7,0.3,0.5,0,0.6,0.3,0.5,22.8,17.1,5.6,4,3.7,0.8,0.5,3.5,17.7,0.2,-0.2,3
Christian Salem,16.5,8.7,6.2,2.2,0.6,0.9,0,0.1,0.1,0.3,25.2,19.4,5.8,2.1,5.6,1,0.8,5.5,17.5,0.1,-0.3,2.8
Josh Dunkley,8.5,15.7,4.1,5,0.7,0.6,0,0.5,0.6,0.4,24.3,18.6,5.6,2.3,0.8,3.9,1.1,9.6,15.5,0.3,0.1,2.3
Dom Sheed,14.5,11.7,4.9,2.3,1.2,1.2,0,0.4,0.3,0.4,26.2,17,9.2,3.8,1.9,5.2,0.4,10.5,16,0,0,4.8
Tom Liberatore,11.3,12.5,2.4,5.4,1.4,1,0,0.6,0.6,0.3,23.8,17.1,6.7,4.4,1.3,7.9,0.1,13.6,11,0.1,0.4,3.2
Rowan Marshall,10.5,5.1,4.8,3,1.4,1,18.5,0.7,0.4,0.2,15.6,9.8,5.8,2.4,0.8,2.5,1.5,10.2,6,2.1,0.4,2.7
David Swallow,12.3,9.6,5,4.7,0.8,1.1,0,0.3,0.3,0.2,21.9,15.4,6.5,2.7,1.9,2.7,0.3,8.6,13.7,0.4,-0.4,3.2
David Mundy,11.3,13.9,3.1,4,0.8,1,0,0.7,0.3,0.5,25.1,18.2,7,4.4,1.2,5.3,0.3,11.1,14.9,0.1,-0.1,3.2
Ed Curnow,14.5,8.1,4.8,3.6,0.6,1,0,0.5,0.1,0.7,22.5,15,7.5,4.3,1.3,3.1,0.3,7.5,14.5,0,-0.4,3.1
Jacob Hopper,13.8,12.7,3.1,3.4,1.2,1.7,0,0.5,0.2,0.4,26.5,18,8.4,4.4,1.9,6.6,0.3,12.2,14.6,0,-0.5,4.6
Josh P. Kennedy,10.5,13.5,3.6,4.8,0.9,0.6,0,0.2,0.3,0.5,24,17.5,6.5,3.2,1,5.3,0.1,11,12.9,0.1,0.3,2.4
Jordan Dawson,15.5,7,5.4,2.8,1,1,0,0.4,0.3,0.2,22.5,17.8,4.7,2.8,5.1,0.6,3.3,6.3,13.8,1,0,2.6
Zak Jones,12.5,10.8,3.8,4.4,1.2,1,0,0.3,0.2,0.6,23.4,17.8,5.6,4.3,1.5,4.3,0.2,8.5,15.5,0.1,0.2,2.8
Steele Sidebottom,13,10.9,5.4,3,0.7,1.1,0,0.4,0.2,0.5,23.8,17,6.8,3,1.3,3.2,0.3,7.9,16,0,-0.5,3.9
Chad Wingard,12.4,9.9,3.6,3.9,1.2,0.5,0,0.8,0.7,1.2,22.3,15.1,7.2,4.8,0.8,3.2,0.4,8.4,14.1,0.3,0.7,2.5
Jack Viney,9.9,10.8,2.3,7.4,1.4,1.3,0,0.3,0.6,0.4,20.7,12.3,8.3,3.8,0.7,4.3,0.6,10.3,10.5,0,0.2,4.3
Alex Witherden,18.4,3.8,6.6,2,0.6,1.3,0,0.1,0,0,22.2,17.2,5,1.3,6.3,0.3,1.1,3.9,12.6,0.1,-0.8,2.9
Shannon Hurn,17.3,4.5,6.9,1.7,0.6,0.3,0,0,0,0.1,21.8,19.1,2.7,1.6,6,0.2,1.3,4.2,11.5,0.9,0.3,1.9
Hugh Greenwood,10.2,7.3,1.7,8.6,1.1,0.5,0.5,0.4,0.4,0.7,17.5,11.3,6.2,2.7,1.3,6.2,0.7,12.1,5.2,0.4,0.6,2.2
Luke Shuey,14.9,8.1,3.3,4.3,2.6,1,0,0,0.1,0.6,23,16.9,6.1,5,1.1,6.3,0.3,9,13.1,0,1.6,3.4
Joel Selwood,12,11.6,3.2,4.5,2.4,1.2,0,0.2,0.2,0.9,23.7,17.5,6.1,3.7,1,5.2,0.2,11.4,13.1,0.1,1.1,3.5
Bailey Smith,13.1,10.4,3.9,3.5,0.9,0.7,0,0.4,0.5,0.5,23.5,17.3,6.2,3.5,1.6,3.1,0.2,7.4,16.3,0.1,0.1,3.4
Luke Ryan,17.5,4.3,7.2,1.8,0.7,1,0,0,0,0.1,21.8,18.6,3.2,0.8,7.9,0.3,3.1,4.6,12.4,0.6,-0.3,2.4
Adam Cerra,13.9,9.2,5.2,2.6,1.2,0.7,0,0.3,0.6,0.8,23.1,15.9,7.2,5,1.6,3.6,0.6,8,15.3,0.1,0.5,3.3
Adam Treloar,11.3,12.3,3.2,4.1,0.5,0.8,0,0.7,0.5,0.6,23.6,16.9,6.7,4,1,3.5,0.4,8.8,14.5,0.1,-0.2,3.2
Caleb Daniel,13.5,11.4,4.1,2.5,0.8,0.5,0,0.3,0,0.4,25,20.1,4.9,1.7,4.1,2.1,0.6,7,16.1,0.2,0.2,2.9
Patrick Dangerfield,12.7,10.2,4.8,3.1,1.5,1.4,0,0.6,0.5,1.2,22.9,15.6,7.3,5.1,1.2,5.6,0.8,12.6,10.5,1.2,0.2,4.5
Sam Menegola,14.1,9,5.7,2,0.6,0.9,0,0.5,0.5,0.6,23.1,16.7,6.5,3.6,2.1,2.6,1.2,7.9,15.2,0.3,-0.4,3.3
Kyle Langford,11.9,8.9,5.8,3.4,0.6,1.1,0.1,0.8,0.2,0.4,20.8,14.9,5.9,3.2,1.1,2,0.8,6.6,14.4,0.5,-0.4,3.2
Nic Newman,14.2,5.4,6.1,3.9,1.3,0.8,0,0,0.1,0.3,19.6,15.9,3.8,1.1,4.5,0.4,1.7,5.6,10.6,0.4,0.5,2.4
Jarrod Witts,8,5.7,3,2.7,2,0.3,30,0,0.3,0,13.7,9,4.7,1.7,1,4,1.7,8,4.3,1.3,1.7,2.3
Reilly O'Brien,6.9,7.8,3.6,2.8,1.3,1,29.4,0.1,0,0.2,14.7,10.1,4.7,1.9,1.3,3.7,2.4,9.6,5.1,1.9,0.3,2.7
Isaac Cumming,16,6.3,5.6,2.5,0.5,0.8,0,0,0.2,0,22.3,18.2,4.1,1.7,6,0.7,2.3,5.7,12,0.9,-0.2,2.6
Jack Lukosius,17.4,2.7,7.8,1.5,0.6,0.9,0,0.1,0.5,0.4,20.1,14.8,5.3,4,5.8,0.3,1.1,3.6,13.6,0.5,-0.3,3.3
Matthew Kennedy,11.5,8.4,5,4.5,0.9,0.8,0,0.5,0.2,0.1,19.9,13.7,6.3,3.8,1.1,3.4,0.3,7.7,12.1,0.5,0.1,3.1
Todd Goldstein,7.3,7,3.6,1.9,1.6,1.1,29.6,0.5,0.2,0.3,14.3,10.8,3.5,2.5,0.4,3.5,3.3,7.2,7.4,0.6,0.5,2.5
Jarman Impey,13.9,8.2,5.4,2.5,1.2,0.3,0,0.2,0,0.2,22.2,17.4,4.8,2.1,3.6,0.8,2,4.9,17,0.5,0.8,1.8
Scott Lycett,7.5,7.7,2.9,3.7,1.1,1.9,26.5,0.3,0.3,0.3,15.2,10.6,4.6,2.6,1,3.3,2.8,8.2,7.2,0.2,-0.8,3.3
Rory Sloane,11,11.3,3.7,4.8,1.3,0.9,0,0.2,0.1,0.5,22.3,15.7,6.6,3.7,1.6,5.4,0.9,12,9.8,0.3,0.4,2.9
Harry Perryman,14.6,7.6,5.3,2.3,0.5,0.3,0,0.3,0.3,0.3,22.3,16.6,5.7,2.3,4.8,1.1,1.1,6.6,14.1,0.6,0.2,2.6
Lachie Hunter,13,9.1,5.2,2.4,1.3,0.4,0,0.4,0.2,1,22.1,16,6.1,3.9,1.2,1.7,0.8,5.6,16.3,0,0.9,2.2
Ed Langdon,13.4,8.8,5.5,1.9,0.7,0.4,0,0.5,0.3,0.2,22.2,16.1,6.1,2.8,2.1,1,0.6,5.8,16.2,0.2,0.3,2.6
Nic Naitanui,7,8.2,1.5,2.9,1.4,0.8,31,0.1,0.3,0.5,15.2,9.6,5.6,3.5,0.7,7.2,2,12.5,3.4,1,0.6,2.5
Toby Greene,13.1,4.5,4.5,2.1,1.7,1.5,0.1,2.5,2.4,0.9,17.6,9.5,8.1,4.1,0.2,1.2,0.4,8.6,9.3,1.4,0.2,3.7
Jaidyn Stephenson,13.1,6.3,5.7,2.5,0.8,0.5,0,0.9,1,0.4,19.4,12.8,6.5,3.9,1.2,1.6,0.6,5.1,13.9,0.2,0.3,2.8
Andrew McGrath,11.6,11.6,2.9,4.5,1.1,0.7,0,0.1,0.3,0.4,23.1,16.6,6.6,2.8,1.6,4.2,0.9,9.2,14.2,0,0.4,2.8
Nat Fyfe,10.3,13.8,3.9,4.1,1.2,2.3,0,0.4,1.4,0.6,24.1,17,7.1,3.2,1.1,5.9,0.5,13.4,11.1,1.1,-1.1,4.7
Nick Hind,16.6,5.8,5.2,2,0.9,0.9,0,0.2,0.1,0.6,22.4,17.7,4.6,3.3,3.7,0.9,1.2,5.8,16.5,0.3,0,3
Scott Pendlebury,10.9,12.2,3.7,3.8,0.7,0.6,0,0.2,0.2,1.1,23.2,17.2,5.9,3.2,1.3,4.4,0.6,10,13.2,0.2,0.2,3.3
Tim Kelly,12.9,11,3.3,3.4,0.7,0.9,0,0.3,0.4,0.8,23.9,16,7.9,4.3,1.3,5.3,0.2,10.6,13.8,0.1,-0.2,3.6
Jordan De Goey,12.6,8.5,5.4,1.9,0.6,0.9,0,1.2,1.2,0.7,21,14.5,6.5,3.5,1.2,3,0.2,7,14.4,0.5,-0.3,3.1
Liam Shiels,11.6,9.5,4.4,4.8,0.8,1.5,0,0.2,0.2,0.4,21.1,15,6.2,3.8,1,2.1,0.4,6,14.8,0.1,-0.7,3.3
Zach Tuohy,15.4,7.2,5.4,1.3,0.4,0.8,0,0.6,0.4,0.2,22.6,18,4.6,2.7,4.4,1.2,0.3,5.4,14.3,0.2,-0.4,2.5
Callan Ward,11.7,11.2,3.9,3,1.5,1,0.2,0.6,0.2,0.4,22.9,17.5,5.4,3.1,1.7,4.3,0.6,9.3,14.3,0.3,0.5,2.1
Bailey Dale,17.3,7.2,3.9,1,0.4,0.5,0,0.4,0,0.4,24.5,19.6,4.9,2.7,5.3,0.9,1.7,5.1,14.3,0.4,-0.1,2.3
Toby Nankervis,7.1,9.6,3.1,3.6,1.4,1.8,22.6,0.1,0.3,0.1,16.8,10.1,6.7,2.1,1.6,4.3,3.1,10.3,6.3,0.5,-0.4,4.4
Jack Billings,12.1,7.9,6.3,1.9,0.8,0.6,0,0.8,0.8,0.5,20,14.7,5.3,3.2,1.7,1,0.5,5.4,14.7,0.2,0.2,2.3
Elliot Yeo,12.5,9.5,2.3,5.3,1.7,1.7,0,0.3,0.6,0.3,22,14,8,5.3,0.7,6.9,0.2,13.3,9.5,0.2,0,4.1
Caleb Serong,12.7,10.2,3,3.3,1,0.5,0,0.4,0.5,0.4,22.9,15.4,7.5,4.1,1.3,4.8,0.1,9.3,13.6,0.1,0.5,3.2
James Harmes,8.7,12.9,3,5.4,1.3,1.5,0,0.4,0.6,0.3,21.7,15.1,6.6,3.4,1.4,3.2,0.5,9.1,13.3,0.2,-0.3,3.8
Tom Hickey,9.1,7.5,2.8,2.3,1.3,1.8,23.6,0.5,0.3,0.3,16.6,11.1,5.5,3.1,1.2,4.9,3.4,10.4,6.8,0.5,-0.6,3.6
Patrick Cripps,8.2,15.3,3.2,4.3,2.3,2.3,0.2,0.7,0.6,0.6,23.4,16.5,6.9,3.2,0.6,5.3,0.5,12.3,11.5,0.6,0.1,5
Luke Davies-Uniacke,11.5,10.5,4.9,3.2,0.6,1.4,0,0.3,0.6,0.4,22,16.2,5.8,4.2,1.5,4.5,0.3,9.6,13.9,0.2,-0.8,3.6
Brayden Maynard,15.3,5.7,5.5,2.6,0.7,1.2,0,0,0,0.1,21,16.9,4.1,1.9,4.8,0.5,3.1,5.1,13.6,0.5,-0.5,3
Blake Hardwick,15.6,5.3,5.4,2.1,1.1,0.5,0,0,0.1,0.1,20.9,17.5,3.4,1.4,6,0.7,3.1,5.1,13.6,0.3,0.6,1.9
Dustin Martin,12.5,10.1,2.9,2.3,0.6,0.8,0,1.2,0.4,1,22.6,14.8,7.9,5.3,0.2,3.6,0.3,9.4,13.1,0.6,-0.2,3.4
Tarryn Thomas,11.1,7.1,4.6,3.4,1.4,0.9,0,1.1,0.8,0.7,18.2,13.4,4.8,4.2,1.1,2.7,0.7,7.7,10.9,0.4,0.5,3.3
Dion Prestia,10.3,11.9,3.2,4.1,1.9,0.9,0,0.1,0.3,0.1,22.2,16.8,5.4,3,1.9,4.2,0.2,9.1,13.7,0,1,3.3
Noah Anderson,13.2,9.5,4.2,3,0.6,1,0,0,0.3,0.2,22.7,15.6,7.1,2.9,2.1,4.1,0.5,8.9,14.5,0.1,-0.4,3.4
Jack Bowes,16.2,5.1,5.1,2,0.5,0.8,0,0.1,0.1,0.1,21.3,15.6,5.7,2.1,4.7,0.8,2.4,5.1,12.5,0.3,-0.3,2.8
Jake Stringer,11.1,5.7,2.9,3.8,1.6,1.2,0,2.2,0.9,0.7,16.8,11,5.8,4.9,0.3,4.5,0.2,8.8,8.3,0.4,0.4,3.4
Tim English,7.3,5.8,5.2,2.8,1,1.2,15.6,1.1,0.7,0.2,13.1,9.5,3.6,1.3,0.7,1.7,2.3,6.2,6.9,1.7,-0.2,2.4
Ben McEvoy,6.1,6.4,5,3.5,1.3,0.6,16.9,0.5,0.4,0.4,12.5,9.5,3,1.2,0.8,2,3,6.7,6.5,1.6,0.6,2
Jordan Ridley,15.6,5.7,6,1.2,0.8,0.6,0,0,0,0,21.3,18.8,2.5,0.9,6.2,0,4.9,5,11.5,1.1,0.1,1.9
Dan Houston,13.8,7.1,4.6,2.5,0.4,0.6,0,0.3,0.3,0.7,20.9,16.2,4.7,3,2.7,1.2,0.9,6.2,14.2,0.3,-0.2,2.7
Lachie Weller,10.5,8,5.5,3.5,0.4,0.6,0,0.5,0.2,0.4,18.5,13.2,5.3,3.3,2.2,1.8,0.2,5.2,13.5,0,-0.2,2.8
Sebastian Ross,11.3,9.8,4.6,3.1,0.6,0.6,0,0.3,0.4,0.4,21,15.1,6,3,1.8,3,0.6,6.8,14.2,0.1,0,2.6
Jack Scrimshaw,12.5,8.2,6.4,1.5,0.4,0.2,0,0.2,0.1,0.4,20.6,17.3,3.3,1.7,3.5,0.9,1.2,5,14.6,0.7,0.3,1.7
Jed Anderson,9.3,9.6,3.1,5.7,0.7,1.3,0,0.6,0.1,0.6,18.9,12.7,6.1,2.4,1,2.7,0.1,8.3,11.1,0.1,-0.6,4
Brodie Smith,15.8,4.8,5.1,1.8,0.4,0.4,0,0.1,0.2,0.2,20.6,16.1,4.5,3.5,6.6,1,1.6,4.3,13.2,0.2,0,2.5
Jack Sinclair,13.4,7.8,4.9,2.3,0.4,0.5,0,0.1,0.1,0.5,21.1,16.1,5,2.5,3.8,1.4,1,6.6,14.4,0.2,0,2.4
Daniel Howe,13.1,6.5,5.7,2.1,0.9,0.9,0,0.4,0.3,0.3,19.6,14.6,5.1,2.2,2,1.2,0.6,5.7,14.1,0.3,0.1,3.2
Shaun Higgins,9.9,10.8,5,3.1,0.6,0.9,0,0.3,0.8,0.7,20.7,15.7,4.9,2.9,0.7,2.1,0.2,5.5,15.6,0,-0.3,2.5
James Worpel,11.6,9.7,2.7,4.1,0.8,1.4,0,0.5,0.4,0.4,21.3,14.2,7.2,3.8,1.1,4.2,0.5,8.5,12.5,0.1,-0.6,4.1
Liam Duggan,13.4,5.6,6.7,2.1,0.3,0.6,0,0,0,0.4,19,14.3,4.7,2.4,2.8,0.5,1.4,5.2,14.3,0.1,-0.4,2.2
Jack Graham,10,9,2.5,5.5,1,1.2,0,0.5,0.3,0.7,19,14.2,4.8,3.9,1,1.8,0.2,6,13.5,0,-0.3,3
Will Snelling,7.9,9.9,3.8,4.8,1.1,0.5,0,0.6,0.3,0.5,17.8,13.8,4,2.5,1.3,1.4,0.3,5.5,12.5,0,0.6,2.3
Lachie Ash,12.6,6,5.6,3.1,0.2,0.5,0,0.1,0.1,0.1,18.6,14.3,4.3,2,3.2,0.6,1.1,4.1,12.8,0.2,-0.3,2.1
Shai Bolton,10.4,9.3,4.1,2.8,0.7,1.3,0,1.2,1,1,19.7,14,5.7,4.8,0.3,3.6,0.2,8.4,11.6,0.6,-0.7,3.6
Rhys Stanley,8.1,7.3,3.9,1.7,1.4,1.1,19.4,0.4,0.3,0.1,15.3,10.9,4.4,2.6,0.6,3.6,3.1,7.4,7.6,0.9,0.3,2.8
Kane Lambert,10.5,10.1,4.2,3.1,0.6,1,0,0.5,0.3,0.8,20.6,14.1,6.5,3.4,0.9,1,0.4,5.5,14.5,0.1,-0.4,3.2
Tim Membrey,10.8,4,7.2,1,0.9,0.5,0.6,1.6,1.2,0.7,14.9,10.2,4.6,3.1,0.4,0.1,2,5.7,9.3,1.5,0.4,2.7
Mitch Robinson,13.5,5.6,4.6,2.9,1.4,1.2,0,0.3,0.4,0.5,19.1,12.7,6.4,4.1,2.8,2.3,0.9,6.4,12.1,0.2,0.2,3.9
Oscar McInerney,6.6,6.1,2.4,2.2,1.8,1.2,28.6,0.3,0.2,0.1,12.7,7.6,5.1,2.4,1.9,5.3,3,9.8,3.7,1.1,0.5,3.4
Darcy Byrne-Jones,12.6,7.6,4.2,2.8,1.1,0.5,0,0,0.1,0.3,20.3,14.4,5.9,2.5,2.7,1,1.2,5.6,13.8,0.2,0.6,2.8
Brandan Parfitt,10.2,9.2,1.6,5.7,1.5,1.3,0,0.4,0.2,0.5,19.4,12.8,6.6,3.4,0.7,3.2,0.1,7.9,11.7,0,0.2,3.1
Jye Caldwell,9,7,3,6,2,0,0,0,0.5,0.5,16,11,5,2.5,0.5,3,1,8,8,0.5,2,2.5
Jonathon Ceglar,5.6,9.4,4.4,2.2,0.8,1.3,20.9,0.2,0.2,0.1,15,11.8,3.2,1.9,1.1,4,2.8,9.3,6.7,1.6,-0.5,2.2
Josh Caddy,11.3,7.5,6,1.8,0.7,0.5,0,0.3,0.8,0.3,18.8,13.5,5.3,2.5,1.3,1,1,5,13.5,0,0.2,2.2
Zak Butters,9.3,10.3,4.2,3.3,1.1,1.2,0,0.7,0.2,0.8,19.6,15.7,3.9,1.9,0.8,2.7,0.4,7.5,11.5,0.2,-0.1,3.2
Isaac Heeney,10.6,5.1,5.7,2,1.1,0.8,0.1,1.6,1,0.8,15.6,10.4,5.3,3.2,0.4,0.8,0.9,6.2,9.7,0.9,0.4,2.4
Nick Vlastuin,12.9,5.3,6.8,2.3,0.8,1.2,0,0,0.1,0.3,18.2,15.3,2.8,1,5.3,0.3,2.8,4.6,11.1,0.6,-0.4,2.8
Trent Cotchin,12.1,8.6,3.1,3.4,1,0.8,0,0.1,0,0.1,20.8,13.2,7.5,3.4,1.6,4,0.4,9.4,11.5,0.1,0.2,3.6
James Rowbottom,9.6,6.9,2.3,6.4,0.8,0.9,0,0.4,0.1,0.3,16.5,11.6,4.9,2.8,1.3,2.7,0.2,7.1,9.1,0,-0.1,3.5
Tom Hawkins,8.6,4.9,5.3,2,0.5,1.5,3.9,2.5,1.5,0.9,13.5,9,4.5,1.5,0.1,1,0.7,6.8,7.2,1.4,-1,3
Willem Drew,7.5,10.9,2.1,6.6,0.8,1.2,0,0.2,0.1,0.4,18.4,13.5,4.9,2.7,0.7,4.3,0.4,9.5,9,0.2,-0.4,2.6
Andrew Phillips,5.3,5,4,3.8,1.3,1.3,20.7,0.7,0.2,0.2,10.3,8.5,1.8,1.8,0.8,2.7,2.3,5.2,6.2,1,0,1.7
Taylor Walker,9.1,4.2,5.3,1.4,1.2,1.2,2.4,2.8,1.7,0.7,13.3,8.5,4.8,2.4,0.1,1,0.8,7.9,5.7,1.9,-0.1,2.7
Paddy Ryder,6.8,3,3.1,2.5,0.8,1.4,30,0.4,0.1,0.2,9.8,6.5,3.3,2.4,0.4,2.4,2.4,6,3.8,1.3,-0.7,2.5
John Noble,11.8,6.8,5.2,2.6,1,0.6,0,0.1,0,0.2,18.6,14.8,3.8,1.7,2.9,0.5,0.5,4.4,14.2,0.1,0.4,2.4
Tom McDonald,10,4.8,5.5,2.4,1.1,1.2,1.5,1.5,1.1,1.1,14.8,10,4.8,3,0.4,0.4,1.6,6.4,8.9,1.4,-0.1,2.7
Jamie Elliott,9.8,5.6,4.7,2.5,0.8,1.2,0,1.9,0.6,0.5,15.4,10.4,5,3.2,0.4,1.2,0.5,6.5,8.9,0.5,-0.4,3.7
Jacob Weitering,13.7,2.7,7.6,1.4,0.8,0.6,0.1,0,0,0,16.4,13,3.4,0.7,6.3,0.2,8,6.3,8.7,1.7,0.2,2.4
Kieran Strachan,6.5,8,3.5,1.5,0,3,29.5,0,1,0,14.5,11,3.5,2.5,0.5,2.5,3,7,9,1,-3,4.5
Ryan Burton,13.1,4.7,5.5,2.6,0.6,1,0,0,0,0.2,17.8,13.3,4.5,1.8,4.2,0.7,1.5,4.9,10.8,0.5,-0.4,2.6
Jeremy Howe,12.3,5.1,5.8,2.4,0.8,0.6,0,0.1,0,0.1,17.4,14.5,2.9,0.5,4.3,0,1.8,4,10.8,0.8,0.1,2.1
Darcy Moore,11.8,5.2,8.2,0.9,0.7,1.2,0,0.3,0.1,0.3,17,14.6,2.4,1,4.1,0.1,5.1,5.7,9.5,1.9,-0.5,2.5
Tom Phillips,11,7.5,4.2,2.1,1,0.3,0,0.6,0.2,0.2,18.5,13.3,5.1,2,1.5,1.5,0.2,5.8,12.7,0.3,0.8,2.2
Jade Gresham,14,7,4,2,0,1.7,0,0.3,0,1,21,15,6,6.3,0.3,5,0,5.7,12.7,0.3,-1.7,4.7
Oskar Baker,12,3,5,4,0,0,0,0,0,0,15,10,5,6,1,2,0,3,12,0,0,2
Liam Baker,10.8,9.5,4,2.8,0.5,1.5,0,0.3,0.4,0.5,20.3,13.5,6.8,3,1.8,1.5,1.5,8.1,12.6,0.2,-1,3.6
Zac Bailey,11.4,7.2,3.3,2.8,0.8,2,0,1.3,0.7,0.7,18.6,12.9,5.7,4.2,1,2.9,0.5,7.7,11.1,0.1,-1.2,4
Peter Ladhams,7.8,6.1,3.6,2.5,1.4,1.1,13.4,0.8,0.3,0.4,13.9,9.7,4.2,2.4,0.6,2.1,1.5,7.2,6.6,1.2,0.3,2.9
Hunter Clark,11.8,7.3,4.1,3.1,0.6,1.2,0,0.2,0.1,0.3,19.2,14,5.2,1.7,1.9,1.5,0.5,6.5,12.5,0.1,-0.6,3
Oliver Florent,12,7.1,4.3,2.1,0.7,0.8,0,0.4,0.2,0.3,19.1,14,5,3.4,1.9,2.2,0.5,6,13.4,0.2,-0.1,2.8
Steven May,15.6,2.9,5.8,1.2,0.7,0.9,0,0,0.1,0.1,18.4,15.8,2.7,0.9,6.4,0.3,6,4.2,8.7,1.2,-0.2,2.8
Errol Gulden,10.7,5.1,4.5,2.9,1.4,0.6,0,0.8,0.6,1,15.8,11.3,4.5,3.8,0.7,1.1,0.5,5.7,10,0.2,0.8,2.6
Robbie Gray,8.8,9.1,3.8,2.6,0.9,0.7,0,1.2,0.3,1,17.9,12.8,5.1,2.4,0.5,3.1,0.2,7.9,10.1,0.4,0.2,2.5
Oleg Markov,11.4,5.3,6.3,2.2,0.4,0.3,0,0.1,0.2,0.2,16.6,12.7,3.9,1.8,3.1,0.2,1.9,4.6,11.8,0.4,0.1,1.9
Changkuoth Jiath,10.8,9.5,5.8,1.6,1.1,1.4,0,0,0.1,0.2,20.3,16.4,3.9,2.3,3.2,0.8,3.1,6,15,0.4,-0.3,3.1
Wil Powell,11.8,6,5.2,2.5,1,0.6,0,0,0,0.1,17.8,14.4,3.4,1.1,4.6,0.5,3.1,5.4,10.3,0.5,0.3,2.3
Joe Daniher,11.1,3.5,5,1,1.3,1.4,2.2,2,1.4,0.4,14.6,9.3,5.3,3.6,0.3,1,0.8,6.1,8.4,1.1,-0.1,2.9
Xavier Duursma,10.6,8,4.7,2.4,1.3,1,0,0.3,0.3,0,18.6,14.4,4.1,3.4,1,1.2,0.3,5.7,13.1,0.2,0.3,3.6
Jeremy McGovern,13.1,3.3,7.4,1,1.1,0.6,0.6,0,0,0.1,16.4,13.9,2.5,0.7,5.2,0.2,5.7,5.3,9.3,1.7,0.5,1.9
Will Hoskin-Elliott,10.7,5.1,6.2,2.3,0.3,0.7,0,0.7,0.1,0.7,15.7,11.6,4.1,2.9,1,0.8,1,4.4,11.5,0.5,-0.4,2.4
Mark Blicavs,6.9,7.2,4.1,3,1.4,0.9,12.3,0.2,0,0.1,14.1,11.2,3,1.8,1.3,2.7,3.8,7,7.6,0.6,0.5,2.1
Tom Green,8.1,12.4,3.1,3.1,1,0.9,0.1,0.4,0.4,0.2,20.5,14.5,6,2.4,0.9,4.4,0.3,10.2,10.8,0.2,0.1,3
Josh Rotham,12.2,3.8,8.5,0.9,0.7,0.9,0,0,0.1,0.1,16.1,14,2.1,1,3.3,0.1,2.9,4.1,12.7,0.7,-0.2,2.1
Zac Williams,14.4,4.5,3.9,1.9,0.8,1,0,0.4,0.3,0.4,18.9,14.1,4.7,3.4,3.4,1.9,0.6,6.5,11.1,0.2,-0.2,2.6
Taylor Duryea,11.5,6.3,5.6,2,0.9,0.5,0,0,0,0.2,17.9,15.2,2.6,2.1,3,0.5,2.1,4.2,12.2,0.4,0.3,1.7
Josh Daicos,10.2,8.8,2.8,3.1,1.1,0.8,0,0.5,0.5,0.2,18.9,13.4,5.5,2.3,1.5,2.5,0,6.1,13,0.1,0.3,2.8
Trent McKenzie,13.8,2.3,6.4,1.8,0.5,0.6,0,0.1,0,0,16.1,13.6,2.5,0.8,5.7,0.2,3.7,4.5,8,1.3,-0.1,1.7
Brad Sheppard,11,6.4,6.5,1.6,0.6,0.3,0,0,0,0.1,17.4,13.8,3.6,1,2.5,0.3,2.5,4.3,13,0.5,0.4,1.6
Bradley Hill,12.7,7,3.9,2.3,0.3,1,0,0.1,0,0.4,19.7,15.6,4.1,2.9,2.7,0.8,0.8,3.4,15.6,0,-0.7,3
Alex Neal-Bullen,10,5.5,3,4.5,1.3,0.9,0,0.6,0.4,0.7,15.5,9.8,5.7,4,0.7,1.9,0.3,6.6,9.4,0.1,0.4,3
Jamie Cripps,9.3,5,3.7,3.9,0.8,0.9,0,1.2,1.2,0.6,14.3,9,5.3,3.2,0.2,1.1,0.5,5.5,9.5,0.1,-0.1,2.5
Jeremy Sharp,12.6,5.8,5.9,0.8,0.7,0.4,0,0.2,0.3,0,18.3,13.4,4.9,2.4,2.7,0.9,0.6,4,14.3,0.3,0.2,2.1
Rory Lobb,8.3,4.6,5.7,1.2,1,0.4,4.2,1.5,1.5,0.5,12.9,7.8,5.2,2,0.6,1.1,1.8,6.2,6.8,2,0.6,3.1
Lance Franklin,8.7,3,4.5,2.7,1.4,1.9,0,2.8,1.4,0.6,11.7,7.8,3.9,3,0.1,0.1,0.8,6.2,6.2,2,-0.5,3
Matt Flynn,4.6,7.3,3.9,2.5,1.3,0.8,18.5,0.4,0.2,0.2,11.9,9,2.9,1.3,0.9,2.1,2.2,8.3,4.4,2.1,0.6,1.9
Lachlan Bramble,11.9,6.4,4.4,2,0.7,0.3,0,0.1,0.3,0.7,18.3,14.6,3.7,3.8,3.2,0.5,1,3.6,13.1,0.2,0.4,1.7
Dylan Moore,8,7.4,3.8,2.9,1.4,0.5,0,1.4,0.6,0.7,15.4,11.7,3.7,2.2,0.4,0.5,0.5,5.6,9.9,0.3,0.9,1.6
Nick Haynes,11.9,5.7,7.2,0.7,0.7,0.7,0,0,0.1,0.1,17.6,13.6,4.1,1.3,3.5,0.3,3.9,4.7,12.9,0.8,0,2.7
Trent Dumont,12,5.9,5.4,1.9,0.4,0.4,0,0,0,0.2,17.9,12.9,4.9,2.9,2.7,1.5,0.9,4.1,14.1,0.1,-0.1,2.5
Dane Rampe,12.5,5.4,6.3,1.5,0.7,1.2,0,0,0.1,0.1,17.9,15.2,2.7,1.5,4.7,0.2,3.5,3.9,13.2,0.5,-0.5,2.7
Harry McKay,8.1,1.6,5.9,1.4,1.4,0.9,0.3,3.1,1.7,0.3,9.7,6.3,3.5,1.4,0.1,0.1,1.2,5.5,4.6,2.6,0.5,2.3
Marc Pittonet,5.2,6.2,2,2.2,1.3,1.8,29.2,0.4,0.4,0.2,11.3,7.2,4.1,1.9,1.2,4,2,7.5,4.4,0.3,-0.5,3.2
James Jordon,8.1,8.7,2.9,4.5,0.9,0.4,0,0.3,0.3,0.2,16.9,12.1,4.8,2.1,1.2,1.4,0.3,5.7,11.4,0,0.4,2.3
Mitch Brown,8,2,6,3,1,1,0,2,2,0,10,8,2,0,0,0,1,3,8,1,0,1
Isaac Quaynor,11.1,7.1,4.8,2.3,0.9,0.7,0,0.1,0.1,0.1,18.1,13.8,4.3,1.6,4,0.5,2.8,5.8,12.3,0.6,0.3,2.6
Adam Saad,14.1,5.1,3.3,1.8,0.7,0.5,0,0.1,0.3,0.4,19.3,14.6,4.6,3.4,4.4,0.7,2.1,5.3,11.4,0.3,0.2,2.2
Jesse Hogan,8.1,5,6.1,1.1,0.8,0.9,0,2.3,0.9,0.6,13.1,8.1,5,1.6,0,0,1.3,6.1,7.5,1.6,-0.1,3.3
Tom Atkins,9.8,8,4.2,3.6,0.5,1.2,0,0,0.1,0.2,17.8,13.4,4.5,1.5,2,1.3,0.7,6.9,11.8,0.3,-0.7,3
Jack Darling,8,4.1,5.6,2.4,1.3,1.1,0.7,1.9,0.9,0.5,12.1,8.3,3.8,2.5,0.1,0.2,1,6.6,6.1,2,0.2,2.7
Ben Ainsworth,11,4.4,5.3,2.1,0.8,0.8,0,0.7,1.1,0.8,15.4,10.2,5.2,2.9,0.5,0.7,0.1,4.8,10.6,0.2,0,2.9
James Aish,10.7,8.1,4.2,2.3,0.6,0.6,0,0,0.4,0.2,18.8,13.5,5.4,3,2.5,1.6,1.4,5.1,13.5,0.2,0,2.5
Justin McInerney,11.2,7.1,5.6,1.2,1,0.9,0,0.4,0.1,0.5,18.3,14.6,3.7,3.1,1.5,0.9,1,5.2,14.2,0.2,0.1,2.1
Harry Schoenberg,10.5,8,2.8,3.5,0.7,1.5,0,0.5,0.4,0.4,18.4,12.4,6,3.5,1.2,3.1,0,7.5,11.2,0,-0.7,3.6
Peter Wright,7.3,4.7,4.5,1.8,1.6,1.1,9.8,1.5,0.7,0.4,12,8.9,3.1,1.3,0.9,1.1,2.5,6.5,5.9,1.6,0.5,2.5
Darcy Cameron,8.2,4,5.5,1.8,1.1,0.8,6.7,1.2,0.5,0.3,12.2,9,3.2,1.6,0.4,1.6,1.1,7.2,5.4,2.2,0.3,1.6
Chad Warner,10.9,6.2,2.4,4,0.3,1.3,0,0.7,0.4,0.6,17.1,11,6.1,4.3,1,2.5,0.2,7.2,10.4,0.2,-1,3.1
Jack Higgins,8.5,6.9,4.2,2.2,1.1,0.6,0,1.4,0.8,0.4,15.4,10.6,4.8,2.7,0.1,0.4,0.3,6.3,9,0.5,0.4,2.2
Ned Reeves,3.8,5.8,1.6,4,1,1,26,0.2,0,0.2,9.6,7.2,2.4,0.8,1.2,2.2,5,6.2,3.8,0.8,0,1.2
Hayden Young,10.6,5.3,5.6,2.4,0.9,0.3,0,0,0,0.1,15.9,12.8,3.1,1.6,3.5,0.6,2,4.5,11,0.6,0.6,2.5
Will Day,11,8.8,5,1.6,1,1.4,0,0,0,0,19.8,15.6,4.2,2,3.6,0.8,1.6,5.6,13,0.4,-0.4,3.4
Callum Sinclair,4.8,5.3,2.5,2.8,1.5,0.8,24.8,0.3,0,1.3,10,8,2,1,0,3,3.5,6.8,5,0.3,0.8,3
Harry Cunningham,11.1,5.5,5.2,2.7,0.7,0.7,0,0,0,0.1,16.5,13.5,3.1,1.3,2.9,0.3,1.4,4.1,11.8,0.1,-0.1,1.7
Riley Bonner,13.7,5.3,4.5,1.2,0.4,0.7,0,0.1,0.1,0.5,18.9,14.5,4.4,2.2,3.1,0.4,0.8,3.4,14.1,0,-0.3,2.5
Tom Powell,8.2,8.5,3.6,3.8,0.5,0.5,0,0.3,0.2,0.5,16.7,12.2,4.5,2.8,1.4,1.7,0.1,5.3,11.4,0.1,0,1.6
Charlie Dixon,7.4,5,4,2,1.7,1.1,4.3,2.1,1,0.5,12.5,8.7,3.8,1.6,0.1,1,1.8,8.9,4.2,2.5,0.5,3.3
Steven Motlop,9.2,7.1,4.4,2.5,0.8,0.6,0,0.6,0.5,0.5,16.2,12.2,4.1,2,0.6,0.4,0.3,4.5,11.9,0.2,0.1,2.2
Luke McDonald,10.4,6.8,5.2,2.5,0.2,0.9,0,0,0.2,0.3,17.2,12.8,4.4,2.4,2.4,0.7,1.6,4.5,12.2,0.5,-0.7,3
Sydney Stack,8.6,8.1,5.1,2.4,0.7,0.7,0,0.3,0.1,0.4,16.7,13.4,3.3,1.9,2.6,0.3,0.9,5.3,11.7,0.6,0,3
Connor Rozee,8.5,7.3,3.3,2.7,1.1,0.5,0,1.1,0.7,0.7,15.8,11.5,4.3,2.9,0.6,1.1,0.6,6.3,9.5,0.2,0.5,2.1
Mason Redman,11.1,6.4,4.6,1.9,0.5,0.8,0,0.3,0.1,0.1,17.6,14.6,3,1.7,3.9,0.2,1.1,4,11.3,0.5,-0.3,2
Nathan Broad,11.4,5,6.4,1.2,0.5,0.3,0,0,0,0.1,16.4,13.8,2.6,1.5,3.4,0.1,3.9,4.7,11.3,0.8,0.2,1.8
Harris Andrews,9.9,5.5,8.1,1.2,0.8,1.2,0,0,0,0,15.4,13.1,2.3,0.6,3.3,0.1,8.3,6.7,9,2,-0.4,2.1
Bailey Williams,10.7,6.4,4.5,2.5,0.4,0.5,0,0.1,0.1,0.2,17.1,13.7,3.3,1.9,3.7,0.4,2.9,4.6,12.2,0.4,-0.1,1.7
Lachlan Sholl,11.6,7,4.3,1.2,0.4,0.3,0,0.2,0.4,0.3,18.6,13.6,4.9,2.7,2.1,1.3,0.3,4.6,13.7,0.2,0.1,1.9
Cooper Sharman,6.8,4.3,4.8,2,0,0.3,1,2.5,1,0.5,11,7.3,3.8,1.5,0,0.5,0.3,4.5,6,1.8,-0.3,1.8
Lachie Fogarty,8.7,6.7,3.6,3.9,1,0.7,0,0.4,0.4,0.4,15.4,10.4,5,2.7,0.7,1.6,0.3,6.1,9.2,0.1,0.3,2.3
Nick Bryan,5,7,3,3,1,1,19,0,0,0,12,10,2,0,1,4,2,5,7,0,0,2
Harry Morrison,8.9,7.6,4.8,2.5,0.5,1,0,0.5,0.1,0.4,16.5,13.1,3.4,1.8,1.6,1.4,0.4,4.6,11.9,0.2,-0.5,2.5
Aaron Naughton,7.7,3.7,6.3,1.3,0.9,0.7,0.1,1.9,1.8,0.4,11.4,7,4.4,1.9,0,0.1,0.9,5.9,6,2.4,0.1,1.8
Angus Brayshaw,10.5,7.2,4.2,2.3,0.4,0.9,0,0.1,0.3,0.4,17.8,12.2,5.6,2.5,1.4,1.3,1,6.6,11.2,0.3,-0.5,3.3
Aliir Aliir,11.1,4.3,6.5,1.6,1,0.9,0.2,0,0,0,15.4,13,2.5,0.8,3.9,0.2,5.5,6.4,8.1,2,0.1,2
Blake Acres,10.2,7.7,3.7,2.5,0.7,1,0.6,0.1,0,0.3,17.9,12.9,5,3.2,1.9,1.5,0.9,5.9,12,0.1,-0.3,2.8
Jake Waterman,9.2,3.1,6.4,1.9,0.8,0.5,0,0.9,0.6,0.4,12.4,9.1,3.2,1.9,0.8,0.3,0.6,3.1,9.6,0.4,0.3,1.9
Jack Henry,9,5.2,6.3,1.9,0.6,0.3,0.5,0.3,0.1,0.2,14.2,12.1,2,1.3,2.1,0.2,4.7,5.3,8.8,1.1,0.3,1
Darcy Macpherson,8.9,5.5,4.5,3.9,0.8,0.9,0,0.1,0.5,0.2,14.4,9.4,5,2.2,0.5,1.2,0.5,5.5,8.4,0.4,-0.1,2.6
Jack Newnes,9.9,6.5,4.9,1.8,1.1,0.6,0,0.2,0.5,0.1,16.4,12.3,4.1,2.2,1.5,1.4,0.7,5.2,11.2,0.2,0.4,2.2
Daniel Lloyd,9.1,4.1,4.4,3,0.5,1.2,0,1.3,0.4,0.4,13.2,9.4,3.9,3.2,0.6,0.5,0.6,4.3,8.8,0.3,-0.7,3.1
Dean Kent,8,5.7,5,3.1,0.4,1,0,0.7,0.9,0.6,13.7,9.3,4.4,4.1,0.4,0.1,0.3,3.1,10.7,0.3,-0.6,2.7
Sam Taylor,8.8,6.2,6.3,2,1.2,0.4,0,0,0,0,15,11.7,3.3,0.5,3.6,0.2,7.3,7.3,8.4,1.4,0.8,2
Hayden Crozier,11.1,4.8,5.9,1.4,0.6,0.4,0,0,0,0.2,15.9,12.6,3.3,1.2,3,0.1,2.8,4.4,11.3,0.4,0.2,1.4
Jeremy Cameron,8.1,4.2,4,1.1,1.3,0.9,0,2.8,1,0.7,12.3,8.3,3.9,2.5,0,0.3,0.8,5.1,7.7,0.8,0.3,1.3
Nick Holman,6.9,5.9,4.2,4.5,0.9,0.9,0,0.6,0.3,0.5,12.8,9,3.8,2.2,0.5,0.8,0.4,5.4,7.5,0.6,0,2
Daniel McStay,6.7,3.9,4.9,3.2,1.1,0.5,0.4,1.6,0.6,0.6,10.6,8.1,2.6,2.2,0,0.4,1.2,5.2,5.8,2.1,0.6,1.3
Shane Edwards,9.3,9.1,2.9,2.3,0.4,0.8,0,0.5,0.2,0.4,18.4,12.9,5.4,2.6,1.8,2.9,0.5,7.1,10.9,0.1,-0.4,2.7
Tom Papley,9.9,3.6,3.9,1.5,1,1,0,1.9,1.2,1,13.5,8,5.5,3,0.1,1.2,0.1,5.6,7.8,0.1,0,2.6
Patrick Lipinski,8.2,8.8,4.3,2.4,0.2,0.6,0,0.2,0.1,0.4,17,14.1,2.9,2.2,1.9,1.4,0.3,4.1,13.2,0.1,-0.3,1.8
Mitch McGovern,8.4,2.8,4.8,2.6,1.4,0,0,1.2,0.8,0.2,11.2,7.6,3.6,3.2,0.6,0,0.4,3.4,7.8,1,1.4,1.2
Devon Smith,7.7,6.5,3.5,3.8,0.5,1.2,0,0.8,1,0.7,14.2,9.4,4.8,2.4,0.2,1.1,0.3,4.9,9.4,0.2,-0.6,2.6
Toby McLean,5.7,8.3,3,4.3,1,0.3,0,0.7,0.7,0.7,14,9.7,4.3,1.7,0.3,1.7,0.3,5,10,0,0.7,2
Kieren Briggs,4.6,5.2,1.8,4.4,1.6,1.2,17,0.4,0,0,9.8,6,3.8,1.4,1,3,2,8.2,2.6,1,0.4,2.6
Gryan Miers,8.9,6.9,4,1.6,0.8,0.3,0,0.9,0.4,0.3,15.8,10.1,5.8,2.6,0.3,0.7,0.3,4.8,11.5,0.1,0.4,2.4
Aidan Corr,9.5,6.5,4.5,2.5,0.5,0.5,0,0,0.5,0,16,12.5,3.5,1,4.5,0.5,4,5.5,8.5,0.5,0,2
Orazio Fantasia,8.7,3.8,3.5,2,0.8,0.4,0,1.8,1.6,0.5,12.5,7.2,5.4,3.5,0.1,0.5,0.2,4.1,8.4,0.1,0.4,1.6
Miles Bergman,9.3,5.9,4.7,2.1,0.8,0.3,0,0.4,0.3,0.2,15.2,11.1,4.1,1.6,1.5,0.6,0.9,4.7,10.5,0.2,0.5,2.3
Jack Riewoldt,8.5,2.4,4.9,1.7,0.5,1.1,0,2.3,1.3,0.8,10.9,6,4.9,2.3,0,0.2,0.8,4.7,5.9,1.2,-0.5,3
Kysaiah Pickett,8,4.4,2.5,3.7,0.9,0.8,0,1.6,1.2,0.4,12.4,7.6,4.8,2.6,0.4,1,0.1,6,6.3,0.1,0,2.6
Lincoln McCarthy,7.9,5,3.2,3.3,1.2,1.1,0,1.5,0.6,0.9,12.9,8.5,4.4,2.5,0.3,1.1,0.7,6.6,6.4,0.6,0,2.4
Sam Reid,6.2,4.7,4.5,2.8,1.4,0.6,7.7,0.6,0.6,0.8,10.9,7.9,3,1.8,0.3,1.4,2.7,6,4.9,1.5,0.8,1.8
Tom Doedee,9.7,6.9,4.8,2.2,0.9,1,0,0,0,0,16.6,13.3,3.3,1,4.3,0.3,5.7,6.8,8.7,1.4,-0.1,2.6
George Hewett,7.7,10.2,3.5,2.9,0.6,0.7,0,0,0,0.3,17.9,14.2,3.7,1.5,1.5,2.2,0.6,6.7,11.5,0.2,-0.2,1.8
Mason Wood,7.3,5.9,4.3,3.4,0.4,1,0,1,0.3,0.3,13.1,9.1,4,2.3,0.6,0.3,0.7,4.4,9.1,0,-0.6,2
Brody Mihocek,8.5,2.4,5.9,1.7,0.8,0.9,0,1.6,1.6,0.3,10.9,6.8,4.1,2.7,0,0.1,0.4,4.4,6,1.4,-0.1,2.5
Sam Powell-Pepper,7.9,6.9,2.6,4.3,0.9,1.2,0,0.6,0.5,0.5,14.8,10.1,4.6,3.8,0.3,1.6,0.2,6.4,8.4,0.1,-0.3,2.9
Harry Himmelberg,8.4,4.5,4.7,1.9,1,0.9,0.2,1.5,0.8,1.2,12.9,8.6,4.3,2.2,0.2,0.2,1.4,6.2,7.2,1.2,0.1,3
Jake Kelly,10.7,4.8,5.1,2.1,1.1,0.9,0,0,0,0,15.5,13,2.5,1,3.2,0.2,3,4.6,10,0.6,0.2,2.2
Jack Silvagni,8.7,4.7,4.7,2.5,0.9,0.8,1.1,0.6,0.9,0.6,13.3,9.2,4.1,3.1,0.3,0.8,0.8,4.2,9,0.5,0.1,2.1
Caleb Poulter,9.7,5.3,5,2,0.8,0.5,0,0.2,0.5,0.2,15,10.9,4.1,2.1,1.3,0.6,0.5,4.5,10.6,0.1,0.3,2.3
Matthew Parker,7.8,5.3,3,4.8,0.2,1,0,0.5,0.5,0.5,13.2,9,4.2,2.7,0.3,1.5,0.7,3.8,9.2,0.2,-0.8,3.2
Callum Wilkie,11.3,3.9,5.7,1.8,0.8,1.2,0,0,0,0.1,15.1,13.2,1.9,0.6,4,0.2,4.1,4.2,10.4,0.7,-0.4,2.4
Jake Lever,9.8,5.8,5.6,1.9,0.9,1,0,0,0,0.1,15.5,12.9,2.6,1.2,4.3,0,6,7,8,1.9,-0.1,2.2
Dylan Shiel,8.3,10.4,2,2.7,0.4,1,0,0.4,0.6,0.1,18.7,14.7,4,2.6,0.6,4.3,0.1,6.4,11.6,0.1,-0.6,2.1
Alex Davies,5,11,2,6,0,2,0,0,2,0,16,8,8,3,0,2,0,14,3,1,-2,4
Ryan Byrnes,8.2,7.3,4.8,1.8,0.6,0.1,0,0.4,0.1,0.4,15.4,11.3,4.1,1.8,1.4,1.3,0.1,4.4,10.8,0.2,0.5,2.2
Lochie O'Brien,9.8,6.2,4,1.8,0.8,0.2,0,0.2,0.6,0.8,16,12.2,3.8,3.4,1.6,0.4,0.6,4.6,11.4,0,0.6,1.8
Josh Bruce,6.9,4.2,5,1.3,0.7,1.3,1.4,2.4,1.1,0.4,11.1,7.3,3.8,1.7,0.2,0.3,0.9,5.4,5.9,1.5,-0.6,3.1
Jack Martin,8.5,4.2,5.5,2.4,0.8,1,0,0.7,0.5,0.9,12.7,10.2,2.5,2.4,0.5,0.8,0.5,4.4,8.5,0.7,-0.2,1.9
Matt Taberner,8.4,2.6,5.6,0.6,1,1.1,0,2.3,1.1,0.6,11.1,7.1,3.9,1.8,0.1,0.1,0.6,4.6,6.6,1.5,-0.1,2.8
Tom Barrass,10.5,3.3,7.3,0.6,0.9,0.4,0.1,0,0,0,13.8,11.7,2.1,0.9,2.5,0.1,7.4,4.9,8.9,1.8,0.5,1.4
Will Hayward,7,3.9,4.2,3.3,0.8,1,0,1.6,0.7,0.6,10.9,7.7,3.2,1.5,0.1,0.3,0.7,4.8,6.1,0.8,-0.2,2.7
Charlie Cameron,8,2.6,4,2.1,0.8,0.8,0,2.1,1.4,0.5,10.7,7,3.7,1.7,0.2,0.6,0.2,4.5,6.3,0.4,0,1.8
Tom Cutler,10.2,5.5,4.8,1.2,0.5,0,0,0.1,0.2,0.5,15.7,12.1,3.6,1.8,2.7,0.3,0.9,3.6,11.6,0.1,0.5,1.2
Luke Jackson,4.5,8.5,3,2,1,0.5,10.2,0.7,0.3,0.2,13,9.9,3.1,1.3,0.3,1.5,0.8,6.5,6.8,0.9,0.5,1.9
Cameron Zurhaar,8.2,3.6,3.8,2.9,1,1.4,0,1.6,1.2,0.4,11.8,7.8,4,2.4,0.3,0.9,0.4,4.6,7.4,0.7,-0.4,3.2
Tom J. Lynch,7.2,3.8,4.8,1.6,0.9,1.3,1.4,1.9,1.8,0.8,11.1,6.9,4.2,2.5,0,0.4,1.5,6.3,5.4,1.7,-0.4,3.1
Deven Robertson,7.1,6.3,3.4,4.3,0.7,0.6,0,0.3,0.1,0.3,13.5,9.4,4.1,1.7,0.6,1.2,0.8,6.1,7.7,0.3,0.1,2.3
Jimmy Webster,10.3,5.9,4.7,1.5,0.6,0.5,0,0.1,0,0,16.1,12.6,3.5,0.9,3.6,0.5,2.4,4.8,10.4,0.3,0.2,1.8
Charlie Ballard,10.8,2.9,6.7,1.2,1,0.8,0,0,0,0,13.7,11.5,2.2,0.6,2.4,0.2,4.7,4.7,9,1,0.2,2.2
Jarrod Brander,9.8,5.5,4.8,1,0.5,0.3,0,0.5,0.5,0.4,15.3,11.5,3.8,3.1,1,0.8,0.7,4.1,11.5,0.4,0.2,1.6
Josh Battle,8.1,5.2,4.4,3.4,0.9,0.8,0.1,0.2,0.5,0.1,13.3,9.3,4,1.4,1.5,0.6,1.4,5.1,8.2,0.4,0.1,2.1
Nathan Wilson,12.9,3.9,4.1,0.9,0.7,0.7,0,0,0.2,0.2,16.9,13.4,3.5,1.7,5.7,0.6,2.8,4.2,9.9,0.2,-0.1,1.9
Kamdyn McIntosh,10.7,4.8,4.1,2.4,0.8,1.1,0,0.1,0.2,0.2,15.5,10,5.5,2.8,1.9,1.1,1.1,5.8,9.9,0.1,-0.4,3.6
Michael Walters,9.2,4.8,3.9,2,1.3,0.9,0,0.9,0.7,0.6,13.9,10.2,3.8,2,0.5,1.2,0.3,5.1,9.1,0.3,0.4,2.2
Bayley Fritsch,7.6,2.4,4.7,1.9,0.7,1,0,2.2,1,0.3,10,7,3,2,0,0.1,0.6,3.5,6.6,0.6,-0.3,2.1
Max Lynch,4.5,7,2,2.5,0.5,1,20.5,0,0,1,11.5,8,3.5,2,1,1.5,3,4.5,6.5,0,-0.5,1.5
Darcy Tucker,9.5,7.5,4,1.8,0.6,0.8,0,0,0.1,0.3,17,12.6,4.4,1.8,1.4,0.8,0.9,3.9,13.6,0.1,-0.1,2.6
Marcus Adams,10.1,4.4,5.7,1.7,0.8,0.8,0,0,0,0.1,14.5,10.3,4.2,1.1,3.7,0.1,4.9,6.9,7.3,1.7,0,2.5
Sam Petrevski-Seton,10.3,4.9,4.3,2,0.5,0.5,0,0.1,0.2,0.2,15.2,11.5,3.8,1.1,1.8,0.8,0.8,4.7,10.2,0.4,0,2.2
Jack Madgen,8.8,8.1,4.8,1.1,0.6,0.3,0,0.1,0.1,0.1,16.9,13.2,3.7,0.7,2.8,0.4,2.6,5.3,11.3,0.4,0.2,2.1
Trent Bianco,9.1,4.3,4.8,1.8,0.5,0.4,0,0.6,0.5,0.3,13.4,8.8,4.5,1.6,1,0.6,0.4,3.3,10.4,0.2,0.1,2.5
Luke Breust,6.4,6.2,2.5,3.2,0.6,0.7,0,1.7,0.6,0.5,12.5,8.7,3.8,2.5,0.1,0.8,0.4,6.3,6.9,0.2,-0.1,1.9
Tom Highmore,8.1,6.3,5.5,2.6,0.8,1.1,0,0,0,0,14.3,11.8,2.5,0.8,1.8,0.3,2.1,5,8.7,1,-0.3,1.9
Dougal Howard,12.2,3.2,4.9,1.2,0.7,0.7,0,0,0,0,15.4,13,2.4,0.5,5.2,0.3,8.2,3.9,7.4,0.9,0,2
Nick Coffield,9.9,4.3,5.6,1.6,1.1,0.6,0,0.1,0.1,0,14.3,11.6,2.7,0.9,2.8,0.3,1.4,3.9,10.4,0.3,0.5,1.8
Conor Nash,7.3,8.4,3.7,3.3,0.4,1.4,0,0.3,0.1,0.1,15.7,11,4.7,2.7,0.7,3.4,0.9,6,9.4,0.1,-1,3
Mark O'Connor,8.3,7.3,3.6,3.1,0.8,1,0,0.1,0,0.2,15.6,12.8,2.8,1.6,1.2,2.5,1.1,6.2,9.8,0.2,-0.2,2.3
Jordon Sweet,4.2,4.4,2.4,3.8,1.6,2,19.8,0.2,0.4,0.2,8.6,6.2,2.4,1.8,0.4,2.4,1,4.4,4.6,0.2,-0.4,3.2
Rhys Mathieson,7.5,8.1,3.3,3.4,0.8,1.2,0,0.2,0.2,0.2,15.6,10.2,5.4,2.4,1.2,3.4,0.1,6.8,8.7,0.2,-0.4,3
Tom Jonas,10.6,4,5.5,1.5,0.9,0.8,0,0,0,0.1,14.7,12.9,1.8,0.8,4.7,0.3,6,4.6,7.6,0.8,0.1,1.5
Jordan Roughead,9,4.1,6.5,1.7,0.6,0.7,0.4,0,0,0,13.2,11,2.2,0.7,3.3,0.2,6.7,4.3,8.6,0.9,-0.1,1.7
Zach Guthrie,10,3.6,4.7,2.5,0.4,0.4,0,0,0.1,0,13.6,9.9,3.7,2,1.1,0.2,1.6,3.7,9.8,0.4,0,2
Tom De Koning,6.2,3.2,3.1,2,1.2,1.2,16.8,0.5,0.3,0.1,9.5,6.2,3.3,1.2,0.6,2.2,0.8,4.7,5.2,1,0.1,2.2
Mabior Chol,5.9,4.1,3.1,2.5,0.8,0.8,12.3,0.7,0.4,0.1,10,7,3,1.7,0.7,2.1,1.4,5.4,4.9,1,0,2
Will Setterfield,9.3,6.3,4.4,2.1,0.8,1.3,0,0.1,0.8,0.3,15.5,11.5,4,2.9,0.9,2.8,0.4,6.9,9,0.1,-0.5,2.5
Matt de Boer,6,8.2,3.2,4.1,0.4,0.7,0,0.2,0.1,0.8,14.2,10.8,3.4,2.8,1,1.4,0.2,5.1,9,0.3,-0.2,2
Robbie Tarrant,10.4,4.1,6.7,1,0.7,1.3,0,0,0,0.1,14.5,12.4,2.1,0.4,3.3,0.1,4.1,3,10.8,0.5,-0.6,2.6
Jed Bews,9.3,5,5,1.8,0.8,0.6,0,0.1,0.1,0.1,14.3,10.3,4,1.4,1.6,0.7,0.8,4.2,10.3,0.1,0.2,2.5
Alex Sexton,9.3,2.8,4.8,1.2,0.8,0.4,0,1.2,0.8,0.4,12.1,8,4.1,3.3,0.3,0.3,0.4,3.6,8.4,0.1,0.4,2.1
Ben Brown,7.4,1.9,4.9,1.7,0.6,0.4,1.1,1.9,0.8,0.3,9.3,5.7,3.6,1.9,0,0.1,1.6,4.6,5,1.2,0.2,1.2
Mitch Lewis,6.5,3.6,4.8,2,0.9,0.7,2.1,1.6,0.6,0.4,10.1,7.4,2.8,1.6,0.1,0.3,1.5,5.4,5,1.8,0.2,1.6
Ethan Hughes,9.4,8,3.6,1.5,0.8,0.6,0,0,0.1,0.1,17.4,13,4.4,1.4,2.3,0.9,2.5,6,12.5,0,0.1,3.3
Josh J. Kennedy,7.3,2.6,4.9,1.2,0.8,0.9,0.1,2.3,1.2,0.8,9.9,6.4,3.4,2,0.1,0.2,0.7,4.4,6.2,1.1,-0.1,1.7
Curtis Taylor,8.6,5.4,4.4,2.2,0.7,0.7,0,0.4,0.3,0.4,13.9,9.6,4.4,1.9,0.9,0.6,0.3,4.1,10.2,0.3,0,2.9
Nick Blakey,9.2,5,4.3,1.9,0.5,0.4,0.8,0.2,0.4,0.3,14.2,10,4.2,3.1,1.6,0.4,1.8,4.1,10.1,0.4,0.1,2.3
Daniel McKenzie,8.8,6.3,4.7,1.7,0.5,0.9,0,0.4,0,0.4,15,12.5,2.5,2.2,0.7,1.3,0.8,4.5,10.4,0.2,-0.4,2.3
Josh Schache,9.5,3,5.8,1.5,1,0.8,1.3,0.3,0,0,12.5,8.8,3.8,0.8,2.8,1,2.5,5.3,7.5,1.3,0.3,2.3
Sam Flanders,6.4,6.2,3.1,4.1,1.5,0.5,0,0.3,0.3,0.4,12.6,8.9,3.7,2.7,0.3,1.3,0.1,4.7,7.6,0,0.9,1.8
Dylan Grimes,7.6,6,5.7,2.2,1.1,1,0,0,0,0.1,13.6,11.2,2.4,0.7,2.2,0.3,4.5,5.8,7.7,1,0.1,2.4
Stephen Coniglio,9,6.6,2,2.6,1.2,0.2,0,0.2,0.6,0.2,15.6,9.8,5.8,2.8,1.2,4.4,0,7.8,8.8,0,1,2
Jy Farrar,9,5.5,5.6,1.4,0.1,0.5,0,0,0,0.1,14.5,11.7,2.8,0.7,2,0,2.4,3.6,11.1,0.3,-0.4,2
Marlion Pickett,6.6,9.1,3.5,3.4,0.6,1.9,0.9,0.1,0.2,0.2,15.7,11.5,4.2,2.5,1.4,1.3,1.2,7.7,8.9,0.3,-1.3,3.9
Joel Amartey,6.3,2.8,2.7,3.8,0.7,1.2,8.2,0.8,0.5,0.2,9.2,5.7,3.5,2.5,0.5,1.8,1.2,6.2,2.8,1.5,-0.5,2.5
Sam Frost,8.8,6.4,5.1,2,0.3,1.4,0.1,0,0,0,15.2,10.8,4.4,0.6,3.6,0.3,3.7,6.2,8.4,1.3,-1.1,3.5
Trent Rivers,10,5.3,4.1,1.6,0.3,0.5,0,0,0,0,15.4,12,3.4,1.6,3.2,0.5,1.8,4.6,9.9,0.5,-0.2,1.9
Dan Hannebery,9,11,2,1.5,0.5,1,0,0,0,0,20,14,6,1,1.5,5,0,9,11.5,0,-0.5,3.5
Jai Newcombe,5.3,5,2.8,6.5,0.7,1.3,0,0.2,0.2,0,10.3,8,2.3,1.7,0.8,2,0.2,3.7,7,0,-0.7,2.3
Lachie Schultz,7.4,3.6,4,2.7,1,0.9,0,1.1,0.9,0.4,11,7.3,3.8,2.1,0.2,0.2,0.7,4.5,6.4,0.4,0.1,2.3
Connor Budarick,9.5,4.5,5.5,2,0.5,1.5,0,0,0,0.5,14,12,2,1.5,2.5,0,1.5,4,10,0,-1,2
Brad Close,6.1,6.9,2.8,3.3,1.2,0.4,0,0.7,0.5,0.5,12.9,10,2.9,2.1,0.3,0.7,0.5,4.8,8.5,0.2,0.8,1.4
Tim O'Brien,8.2,4,5,1.8,1,0.9,0.7,0.7,0.3,0.4,12.2,9.2,3,1.7,1.6,0.2,3.1,4.8,7,1.4,0.1,2.2
Zac Fisher,8.5,7.4,2.3,2.4,0.5,0.9,0,0.4,0.8,0.9,15.9,10.8,5.1,2.8,0.6,1.7,0.4,6,10.6,0.3,-0.4,2.3
Callum Coleman-Jones,4.8,5.8,3.8,1.6,0.9,1,7.6,1.4,0.5,0.1,10.5,7.4,3.1,0.8,0.5,0.8,1.5,6,5.3,1.4,-0.1,1.9
Jayden Laverde,8.7,5.2,5.8,1.5,0.8,1,0,0,0,0,13.9,11.5,2.5,0.6,3.2,0.2,3,4.5,9.3,1,-0.3,2.2
Oscar Allen,7.3,2.8,4.8,1.9,1,0.9,1.5,1.3,0.8,0.5,10.1,7,3.1,1.4,0.8,0.4,2.2,4.6,5.6,1.8,0,2
Jason Castagna,6,6.3,4.3,2.1,0.7,0.2,0,0.9,0.7,0.4,12.3,8.8,3.5,1.6,0.2,0.4,0.5,3.5,8.7,0.1,0.5,1.4
Sam Draper,6.1,3.3,2.2,1.6,1.2,1.8,22.6,0.2,0.3,0.3,9.4,6.2,3.3,2.3,1.3,4.3,2.2,6.4,2.8,1.1,-0.7,3.5
Adam Kennedy,8,6.6,3.9,2.2,0.6,0.6,0,0.1,0.1,0.1,14.6,12.1,2.4,2,1.7,1.2,0.7,4.9,10,0.4,0,1.3
Cody Weightman,8.1,2.5,3.5,1.8,1.5,0.6,0,1.6,0.9,0.8,10.5,6.5,4,2.5,0.2,0.2,0.4,4.6,5.7,0.8,0.8,1.8
Gary Rohan,7.1,3.4,3.7,2,1.1,0.7,0,1.7,0.9,0.4,10.4,7.4,3,1.8,0.1,0.2,0.7,4.7,5.8,1.1,0.4,1.5
Eric Hipwood,7.4,3.2,4.9,1.3,0.8,1.1,0,1.6,1.3,0.3,10.6,6.7,3.9,2.1,0,0.1,1.8,4.1,6.6,1.1,-0.3,2.6
Quinton Narkle,6.6,9.9,2.8,1.9,0.2,0.5,0,0.3,0.3,0.2,16.5,13,3.5,2.4,0.8,3.1,0.2,6.7,10.5,0,-0.2,2.1
Sam Wicks,6.5,4.7,3,4,0.8,1,0,0.8,0.8,0.3,11.1,7.7,3.5,1.6,0.2,0.2,0.1,4.3,6.9,0.3,-0.3,2
Matthew Cottrell,9.8,3.9,3.1,2.6,0.4,0.8,0,0.3,0.2,0.2,13.8,8.3,5.5,2.3,2.1,0.7,1.4,4.3,9.3,0.2,-0.3,3.4
Andrew McPherson,9.8,5.5,3.4,1.8,0.5,0.4,0,0,0,0.3,15.3,11.9,3.3,1.3,3.4,0.4,1.5,3.5,9.4,0.3,0.1,2.3
Matt Guelfi,6.8,6.1,4.1,3,0.6,1,0,0.4,0.2,0.2,12.8,9.5,3.4,2.1,0.8,1,1.4,5.4,7.7,0.4,-0.4,2.7
Jarryn Geary,7.3,6,5,2.3,0,1.3,0,0.3,0.3,0.3,13.3,9.3,4,1,0.7,0,1.3,3.3,10,0.7,-1.3,1.7
Tom Campbell,5.4,5.7,3.9,1.6,0.8,1.6,10.8,0.7,0.1,0.2,11.1,7.8,3.3,1.3,0.2,1.7,0.8,6.8,4.6,1.1,-0.8,3.8
Liam Stocker,9.6,4.4,3.4,2.2,0.9,0.6,0,0.1,0.1,0.1,14,9.9,4.1,1.5,3.5,0.5,1.7,4.5,8.2,0.1,0.3,2.9
Riley Collier-Dawkins,6.4,8.2,2.3,3.6,0.6,1,0,0.3,0,0.1,14.7,10.3,4.3,2.3,0.3,3.3,0,6.3,9.1,0,-0.4,2.8
Max Holmes,6.4,7.6,3,3,0.1,0.3,0,0.1,1,0.4,14,9.4,4.6,2.4,0.7,1.4,0.9,5.9,8.4,0.1,-0.1,1.3
Liam Ryan,8.3,2,3.9,1.5,0.8,0.6,0,1.7,0.7,0.7,10.3,6.4,3.9,2.8,0.2,0.4,0.3,3.9,6.6,0.8,0.1,2.1
Jordan Clark,7.5,6.5,3.3,2.8,0.3,0.9,0,0.4,0.3,0.3,14,11.3,2.8,1.9,1.3,0.8,0.9,3.8,9.8,0,-0.6,2.4
Travis Colyer,8.9,3.8,3.4,2,0.3,0.4,0,0.7,0.9,0.7,12.6,8.1,4.5,2.9,0.5,0.5,0.4,4.5,8.3,0.1,-0.1,2
Tom Cole,9.2,4.5,4.8,2,0.6,1.1,0,0,0,0.2,13.7,11.4,2.3,1.1,2,0.3,2.1,3.3,10.1,0.3,-0.5,2.4
Nik Cox,7.6,5.4,4.1,2.4,0.8,1.2,0.7,0.5,0.5,0.1,13,9.9,3.1,1.9,1,1,0.6,4.6,8.8,0.4,-0.4,2.7
Oscar McDonald,8,1,3,2,3,1,0,2,1,0,9,6,3,2,0,0,2,4,5,0,2,2
Daniel Rioli,6.7,7.1,3,2.6,1.1,0.6,0,0.5,0.3,0.2,13.7,10.9,2.8,1.4,0.7,0.6,0.6,4.7,9.3,0.2,0.4,1.7
Todd Marshall,8.1,2.6,4.4,1.3,0.9,0.4,0.3,1.2,0.5,0.7,10.7,7.5,3.2,1.9,0.4,0.3,1.4,4.8,6.1,1.2,0.5,1.7
Jack Ross,7,7.5,3.9,2,0.5,0.5,0,0.2,0,0.2,14.5,10.9,3.5,2,1.2,1.1,0.7,3.9,10.6,0.1,0,1.6
Connor Idun,7.5,5,5.4,1.9,0.7,0.4,0,0,0,0,12.6,10.6,2,0.8,2.1,0.3,3.4,3.7,9.2,0.1,0.2,1
Chris Burgess,5.9,3.3,3.5,2.2,0.8,0.6,9.3,0.5,0.5,0.2,9.2,6.1,3.1,1.6,0.4,1.7,2.1,5.7,3.8,1.3,0.2,1.5
Jeremy Finlayson,8.2,2.7,3.1,1.2,1.1,0.8,1.8,1.8,0.7,0.6,10.8,7.5,3.3,2.2,0.2,1.2,1.1,4.8,5.8,0.5,0.2,2.2
Sam Collins,7.9,4.1,6.3,1.7,0.9,1.1,0,0,0,0,12.1,9.9,2.2,0.5,3.3,0.1,7.6,4.8,7.6,1.3,-0.1,2
Sam Switkowski,6.6,5.6,3,2.7,0.6,0.3,0,0.8,0.8,0.4,12.2,9,3.2,2.6,0.3,1.1,0.7,5.8,6.8,0.4,0.3,1.5
James Peatling,9,4,5,2,1.3,1.3,0,0,0,0,13,9,4,1,3.7,0.3,1.3,3.7,10,0,0,2.7
Heath Chapman,8.3,5.8,4.5,1.7,0.5,1,0,0.2,0,0,14.2,11,3.2,0.8,2.7,0,2.5,4.3,10.2,0.5,-0.5,2.5
Matt Rowell,5.5,8.6,1.8,4.1,2,1.1,0,0.2,0,0.3,14.1,10.8,3.3,1.6,0.6,3.8,0.3,8.1,6.2,0,0.9,2.3
Luke Brown,9,3.9,3.5,2.4,0.7,0.2,0,0,0,0.1,12.9,10.5,2.4,1.1,4.3,0.3,2,3.5,7.8,0.1,0.5,1.5
Hayden McLean,6.2,3.1,5.1,1.8,0.5,0.6,1.9,1.1,0.5,0.4,9.3,6.3,3,1.3,0.1,0.2,2.1,4.8,5,2,-0.1,1.9
Dan Butler,7.7,3.5,2,3.7,0.8,0.9,0,0.8,0.8,0.5,11.3,6.5,4.8,2.7,0.2,0.4,0.3,4,6.6,0,-0.1,2.5
Jack Payne,7.9,5,5.3,1.6,0.2,0.4,0,0,0,0.1,12.9,10,2.9,0.6,1.9,0,5,4.3,8.2,0.9,-0.2,1.3
Michael Hibberd,7.9,6.1,3.7,2.1,1.1,0.7,0,0,0,0,14.1,10.8,3.3,1,3.2,0.5,1.4,5,9.5,0.1,0.4,2.4
Noah Balta,9.2,3.9,4.6,1.3,0.5,0.7,1,0.1,0.1,0.1,13.1,10.6,2.5,1.1,3.1,0.4,2.9,4.3,8.1,1.4,-0.2,2.3
Max King,6.3,3.4,4.6,0.8,0.9,0.7,0.6,1.9,1.5,0.7,9.7,6.1,3.6,1.7,0.1,0.1,0.8,6.1,3.7,2.5,0.2,2.1
Jayden Hunt,9,4.8,3.2,2.5,0.8,1,0,0.1,0.2,0.1,13.7,10.1,3.7,2.8,2.3,0.6,0.9,4.1,9.4,0.2,-0.2,2.4
Charlie Spargo,7.8,3.7,3.4,2.5,1.1,0.6,0,0.6,0.6,0.7,11.5,8,3.5,2.3,0.3,0.4,0.2,4.3,7.3,0.3,0.5,1.7
Alex Keath,7.3,5.2,5,2,1,0.7,0.6,0,0,0,12.4,10.9,1.5,0.7,2.2,0.4,4.4,5.7,7.5,1,0.3,1.2
Tom McCartin,9,4.8,5,1.1,0.8,0.7,0,0,0,0,13.8,10.4,3.3,0.5,3,0.3,6.2,5.3,8.6,1.1,0.1,2.2
Nick Larkey,5.6,4,3.8,1.2,1.5,0.5,1.4,1.9,0.7,0.3,9.5,6.9,2.6,1.3,0.1,0.3,1,4.6,5.1,1.1,0.9,1.7
Bailey Scott,6.9,6.6,3.3,2,0.3,0.4,0,0.5,0.3,0.6,13.6,10.2,3.4,1.6,0.9,0.9,0.3,4.2,9.8,0.1,-0.1,2.5
Anthony McDonald-Tipungwuti,6.5,3.6,2.5,2.8,0.8,0.9,0,1.7,0.7,1,10.1,7.3,2.8,1.8,0.1,0.6,0.5,4.3,5.8,0.2,-0.1,2.1
Tom Clurey,9.4,3.4,5.5,1.1,0.5,0.7,0,0,0,0,12.7,9.8,2.9,0.2,2.5,0.1,5.3,5.1,7.5,1.5,-0.3,1.7
Jake Bowey,7.8,9.3,4,0.8,0.3,1,0,0,0,0,17,14.8,2.3,1.3,1.5,1.8,0.3,5.5,10.5,0.3,-0.8,1.5
James Rowe,6.8,6.6,2.3,1.9,1,0.5,0,0.8,0.6,0.4,13.4,9.6,3.8,1.9,0.2,0.5,0.1,5.1,8.6,0.1,0.5,1.8
Jackson Nelson,9.8,3.2,4.2,1.4,0.2,0.4,0,0,0.1,0,12.9,10.4,2.6,1.1,2.6,0.8,1,4,8.3,0.1,-0.2,1.6
Josh Walker,7.3,4.9,5.4,1.1,0.5,0.4,0.7,0.1,0,0,12.2,9.7,2.5,0.8,2.3,0.1,3.6,3.9,8.2,1,0,2.2
Josh Corbett,6.7,2.7,5.2,0.8,0.9,0.8,0.3,1.5,0.7,0.3,9.5,6.6,2.9,1.8,0,0,0.7,4.1,5.9,1.3,0.1,1.9
Mitch Georgiades,6.4,3.6,4.4,1.8,0.7,1.5,0,1.5,0.8,0.4,10,7,3,1.7,0,0,0.7,4.2,5.9,1.2,-0.8,2.8
Sam Simpson,7.3,6.7,3,1.7,1.3,0.7,0,0.3,0.7,0.7,14,11,3,1,0.7,2.3,0.3,5.3,8.7,0,0.7,2
Sam Durham,6.7,7,4.3,1.2,0.5,0.2,0,0.2,0.3,0.7,13.7,11,2.7,1.5,1.5,1.5,0.5,4.7,9.3,0.2,0.3,1.5
Mitch Hannan,6.2,3.2,3.8,3,0.6,0.4,0.5,0.6,0.6,0.2,9.5,6.3,3.2,2.3,0.1,0.2,0.3,4.4,5.5,0.7,0.2,1.5
Luke Edwards,8.1,6.1,3.7,1.4,0.7,0.6,0,0,0.1,0.4,14.3,10.6,3.7,1.3,0.9,0.9,0.3,4,10.6,0,0.1,2
Jake Kolodjashnij,7.7,4.6,5.8,1.2,0.3,0.8,0,0.1,0,0.1,12.4,10.1,2.3,1.3,1.7,0.1,4.3,3.2,9.6,0.7,-0.5,1.8
Braeden Campbell,8.9,5.1,3.3,1.4,0.5,0.4,0,0.1,0.3,0.4,14,10,4,1.1,3.1,0.1,0.6,3.6,9.6,0,0.1,2.4
Luke Dahlhaus,5,7.4,2,3.9,0.9,0.9,0,0.4,0.7,0.6,12.4,9,3.4,1.6,0.2,0.8,0.4,5.1,7.4,0.2,0.1,2.1
Jackson Hately,6,5.7,2.3,4,0.3,0.3,0,0,0.7,0.3,11.7,7,4.7,1.3,0.7,0.7,0,3.3,8.3,0,0,2.7
Jack Mahony,6.1,5.5,2.8,3.2,0.7,0.7,0,0.5,0.2,0.6,11.6,8.1,3.5,1.5,0.4,0.6,0.5,4.9,7.1,0.1,0,2.3
Lachie Young,8.3,4.6,4.5,1.8,1,1.2,0,0,0.2,0.1,12.9,9.3,3.6,2.2,2.4,0.7,2.8,4.2,8.9,0.5,-0.2,2.9
Callum L. Brown,4.7,7.6,2.9,3.1,0.6,0.4,0,0.2,0.4,0.4,12.4,9.1,3.2,1.4,0.4,0.9,0.1,4,8.1,0.1,0.2,1.5
Michael Frederick,7.4,2.3,5,1,0.7,0.1,0,0.7,1.6,0.4,9.7,5.9,3.9,2.7,0.1,0.6,0.1,3.7,6.3,0.4,0.6,0.9
Adam Tomlinson,8.7,3.3,5.4,1.3,0.3,0.9,0,0,0,0,12,9.3,2.7,0.4,2.4,0.3,4.3,2.9,8.9,0.7,-0.6,2.4
Brayden Ham,6.9,6.5,3.4,1.8,0.3,0.5,0,0.3,0.6,0.4,13.4,9.3,4.1,2.6,0.4,0.4,0.6,3.5,9.9,0.3,-0.2,2.1
Liam Jones,9.4,2.2,5.5,1,1.3,0.8,0,0,0.1,0.1,11.5,8.5,3,1.5,2.9,0.3,7.3,5.8,5.7,1.7,0.4,2.6
Alec Waterman,5.9,4.2,3.2,2,0.6,0.4,0,1.3,0.6,0.3,10.2,6.9,3.2,1.9,0.2,0.4,0.5,4.7,5.3,0.8,0.2,2.1
Matthew Owies,5.3,3.5,3.3,2.8,0.8,0.5,0,1.2,1.3,0.2,8.8,6.2,2.6,1.2,0.4,0.3,0.4,3.6,5.5,0.2,0.2,1.2
Ed Richards,8.6,5,3.2,1.8,0.8,1,0,0.2,0,0,13.6,11,2.6,1.6,2.4,0.4,1.4,4.8,9,0.2,-0.2,2.2
Will Brodie,6.3,9.8,1.8,2.3,0.8,0.8,0,0,0.3,0,16,11.3,4.8,1.5,0.3,3,0.3,7.8,8.3,0.3,0,3.3
Brent Daniels,7,6.6,1.7,2.7,0.9,0.3,0,0.2,0.3,0.9,13.6,9.6,4,3.1,0.5,1.6,0.3,5.6,7.8,0.1,0.6,2.5
Charlie Constable,7,5.3,4.3,1.3,0.3,0.3,0,0.3,0,0.3,12.3,10,2.3,2,0.3,2,0,3,9.3,0,0,1
Riley Thilthorpe,6.7,4.1,3.1,1.4,0.7,1,1.8,1.3,0.7,0.3,10.9,6.9,3.9,1,0.1,0.6,1.2,6.3,4.9,1.1,-0.3,2.3
Xavier O'Halloran,8.9,4,3,1.6,0.7,0.6,0,0.4,0.2,0.4,12.9,9,3.9,2.7,1.2,1,0.7,4.4,8.3,0.1,0.1,2.2
Izak Rankine,6.7,5.1,2.8,2.6,0.9,1.6,0,0.9,0.6,0.6,11.8,7.6,4.2,2.5,0.6,1.4,0.4,6.4,6,0.1,-0.7,3.2
Zach Reid,5,5,1,5,3,0,0,0,0,0,10,4,6,0,2,0,2,7,3,0,3,3
Jared Polec,9.6,3,3.4,2,0.6,1,0,0,0.4,0.2,12.6,9,3.6,1.2,1.4,1,0.8,3.4,8.6,0.2,-0.4,1.8
Ben King,5.7,2.5,4.1,0.8,0.8,0.5,0.2,2.1,1.1,0.3,8.2,5.4,2.8,1.4,0,0.1,1.2,4.1,4.4,1.1,0.3,1.5
Connor West,7,5.6,3.2,2.6,0.8,1.4,0,0.2,0.8,0.4,12.6,8.2,4.4,2.4,0.4,1,0.2,6.8,6.6,0.4,-0.6,3.4
Harry Edwards,7.5,2.8,5.3,2,0.6,0.6,0,0,0,0,10.3,9.3,1,0.6,2.5,0,7.2,3.7,6.7,0.9,0,1
Mason Cox,5.9,3.6,3.7,1,1.6,0.7,3.3,1.1,1.1,0.3,9.4,5.9,3.6,1.4,0.4,0.7,1.3,5.4,3.3,1.4,0.9,2.1
Charlie Curnow,8.8,3.5,4,1.5,0.3,1.8,0,0.5,1.3,0.8,12.3,7.8,4.5,3,0.3,0,0.8,4.3,8.5,0.5,-1.5,4.3
Sam Day,4.3,4.5,3.8,2.8,0.7,0.8,3.8,0.5,0.7,0.2,8.8,6.5,2.3,1.5,0.2,0.5,2.3,4.7,4.3,1,-0.2,2.2
Lachlan Keeffe,7.1,2.8,4.6,2,0.5,0.6,2.4,0.1,0,0,9.9,7.6,2.3,0.9,1.6,0,6.5,3.6,5.6,1,-0.1,1.8
Paddy Dow,5.9,9.2,1.8,2.3,0.6,0.8,0,0.3,0.1,0.6,15.1,10,5.1,2.4,0.9,3.1,0.1,6.9,8.3,0,-0.3,2.7
Eddie Ford,6,3.5,5.3,1,1,0.3,0,0.8,0.8,0.8,9.5,7.3,2.3,2.3,0.3,0,0.5,2.8,6.8,0,0.8,1.3
Sean Lemmens,9.3,3.4,3.6,2.1,0.6,1.5,0,0,0,0,12.8,9.8,3,1.3,3,0.3,1.5,4,8.3,0.6,-0.9,2.9
Archie Perkins,6,6.2,3,2.2,0.6,0.7,0,0.5,0.7,0.5,12.2,8.2,4.1,2.8,0.1,0.6,0.3,4.4,7.9,0.3,-0.1,2.1
Tom Sparrow,5.8,5,2.5,3.8,0.8,0.9,0,0.3,0.2,0.1,10.8,7.2,3.5,1.9,0.7,1.2,0.2,4.6,6.9,0.3,-0.1,2
Jarrod Berry,7,6,1.9,2.9,1.3,1.4,0,0.4,0.2,0.3,13,9.2,3.8,2.1,0.7,1.8,0.4,4,9,0,-0.1,3
Lewis Young,6.1,6.3,3.3,0.9,1.1,0.9,6.3,0.1,0.1,0.4,12.4,9.1,3.3,1.4,1.7,0.6,3.9,5.7,6.4,1,0.3,1.7
Lachlan Gollant,7,4,3,1,1,0,0,1,1,0,11,6,5,3,0,0,0,6,5,1,1,3
Tyler Brown,5.8,10,2.3,1.8,0.2,0.7,0,0,0,0,15.8,12,3.8,2,1,2.7,0.5,6.5,9.5,0.3,-0.5,2
Shane McAdam,5.3,3.2,3.7,2.3,0.9,1.4,0,1.7,0.7,0.4,8.5,5.9,2.6,1.1,0.1,0.3,0.5,4.1,4.5,0.9,-0.5,2.5
Brandon Starcevich,9,3.5,3.7,1.8,0.7,1,0,0,0,0.1,12.5,9.9,2.6,1.5,2.9,0.5,2.1,4.5,7.8,0.5,-0.4,2.4
Jack Buckley,7.5,3.8,4.5,2.3,0.5,1.1,0.1,0,0.1,0.1,11.3,9.2,2.1,0.8,2.3,0.2,4.1,4.7,7.1,0.6,-0.7,2.2
Kayne Turner,6.1,5.7,3.1,2.7,1.6,0.7,0,0.1,0.2,0.1,11.8,8.4,3.4,1.2,1.4,0.9,1.2,4.7,7.4,0.1,0.9,2.1
Ned McHenry,5.7,6.6,2.6,3.1,1,1.8,0,0.5,0.3,0.4,12.3,9.3,3,1.3,0.2,0.6,0.4,5.1,8,0.2,-0.8,3.2
Lachie Jones,7.3,6.2,3.7,1.3,0.7,0.8,0,0.2,0,0.3,13.5,10.7,2.8,1.5,2,0.2,2.3,5.5,8.2,0.2,-0.2,2.8
Jake Aarts,6.1,5,2.7,2.7,1,1.4,0,0.9,0.6,0.7,11.1,8.4,2.7,2,0.3,0.6,0.5,5.1,6.2,0.3,-0.4,2.8
Ryan Lester,6.7,5.3,4.4,1.9,0.6,0.8,0,0,0,0,12,9.9,2.1,0.8,2,0.1,3.9,4.3,8,0.6,-0.1,1.6
David Cuningham,6.5,7,2.3,1.5,0.5,0.8,0,0.8,0.5,1.3,13.5,10.3,3.3,3.5,0.5,1.5,0.3,6.3,8,0.3,-0.3,2.8
Josh Honey,6,3,3.3,1.5,0.5,0.3,0,1.5,0.8,1,9,6,3,2,0.8,0.3,1,3,5.5,0.5,0.3,2
Nakia Cockatoo,3.5,4.8,1.3,4.8,0.5,0.5,0,1.3,0,1,8.3,7,1.3,0.3,0,0.3,1.3,4.3,4.3,0.3,0,1
Luke Foley,8.8,3.5,3.8,1.2,0,0.5,0,0.2,0,0,12.3,9,3.3,1.3,3,0.7,1.5,3.2,9.5,0.3,-0.5,2.2
Jack Bytel,5.4,6.1,1.4,4.2,0.6,0.6,0,0.2,0.1,0.1,11.5,8.2,3.3,1.8,0.7,2.9,0.2,5.2,6.2,0,0,1.9
Jacob Koschitzke,4.9,3.3,3.9,1.9,0.7,0.4,0.1,1.4,1,0.3,8.2,5.6,2.6,1,0.1,0,2.2,3.9,4.3,1.2,0.3,1.5
Mark Keane,7.8,6.3,5.8,0.3,0,1.8,0,0,0.3,0,14,11,3,1.3,1.5,0.5,2.3,4.5,9.5,1,-1.8,3.8
James Stewart,7.9,4.4,5.1,1.1,0.4,1.3,0,0,0,0.1,12.3,9.9,2.4,0.9,3.1,0.1,2.1,4.9,7.3,1.3,-0.9,2.3
Levi Casboult,5.9,2.6,3.6,1.9,0.8,1.3,6.1,0.6,0.4,0.2,8.5,4.6,3.9,1.2,0.1,0.8,1.3,4.7,4.2,1.3,-0.5,3.2
Lachlan Murphy,6.7,5.1,1.7,2.3,1.5,0.6,0,0.6,1,0.3,11.7,7.6,4.1,2.1,0.2,1.4,0.5,6.1,5.8,0,0.9,1.8
Griffin Logue,7.1,4.4,4.8,1.4,0.8,0.8,0,0,0,0,11.5,9.1,2.4,0.4,2.4,0,4.9,4.4,7.1,0.9,0.1,1.9
Atu Bosenavulagi,6.6,5,4,1.9,0.6,0.7,0,0.1,0,0.3,11.6,9.7,1.9,1.9,1.3,0.3,1.1,4.1,7,0.3,-0.1,1.7
Bobby Hill,6.8,2.5,2,2.9,0.6,0.3,0,0.8,0.8,1,9.3,6,3.3,2.3,0.4,0.4,0.3,2.8,6.1,0.1,0.4,1.4
Jamaine Jones,5.3,3.1,1.8,3.9,0.9,0.5,0,0.9,0.3,0.4,8.4,6.8,1.6,2.1,0.8,0.6,0.2,4,4.9,0,0.4,1.3
Chayce Jones,9.1,4.1,3.1,1.4,0.4,1.1,0,0.1,0.2,0.1,13.3,9.2,4.1,1.3,2.9,0.1,1.7,3.8,8.2,0.4,-0.6,2.7
Jack Petruccelle,6.4,4.1,3.5,1.6,0.2,0.8,0,0.9,0.5,0.4,10.4,7.2,3.2,2.5,0.2,0.4,0.2,4.5,6.2,0.5,-0.5,1.6
Jason Johannisen,6.5,4.5,2.9,1.9,0.5,0.4,0,0.6,0.5,0.7,11,8.5,2.5,2.8,0.4,0.4,0.6,3.2,8.1,0,0.1,1.4
Lachie Plowman,8.4,3.1,4.5,1.1,0.7,0.7,0,0.1,0,0,11.5,9.3,2.3,0.5,2.1,0.1,3.7,3.4,7.3,0.4,0.1,1.9
Zach Sproule,5.8,3.1,2.3,2.8,1.1,1.1,1.4,1.1,0.5,0.3,8.9,6.8,2.1,1.3,0,0.6,1,4.8,4.9,0.4,0,2.5
Ben Long,6.7,3.6,3.7,2.5,0.7,1.1,0,0.1,0.6,0.2,10.3,6.7,3.6,1.4,1.2,0.5,0.9,3.8,6.7,0.2,-0.4,2.7
Aaron Francis,6.6,4.9,4.8,0.9,1.1,0.8,0.1,0.1,0.3,0.4,11.4,9.4,2,0.9,2.5,0.1,3.4,3.9,7.6,0.6,0.3,2.4
Robbie Fox,6.8,6.1,2.9,1.9,0.3,0.5,0.1,0,0,0.3,12.9,10.3,2.6,1.1,2.2,0.3,3.6,4.3,9,0.2,-0.2,1.7
Lewis Melican,8.2,3.6,4.4,0.8,0.8,0.6,0,0,0,0,11.8,9,2.8,0.4,2.2,0,4.8,4.6,7.6,1.4,0.2,1.6
Kane Farrell,6.7,5.5,2.3,2.4,0.1,1.1,0,0.4,0.3,0.4,12.2,8.8,3.4,2.3,0.3,0.7,0.4,3.6,8.7,0.2,-1,2.4
Billy Frampton,6.4,3.3,5,0.8,0.4,0.7,2.4,0.2,1.1,0.1,9.7,6.4,3.3,0.7,1.7,0.2,2.5,3.8,5.9,1.5,-0.3,2.1
Tom Williamson,7.5,3.7,3.9,1.5,0.2,0.7,0,0.2,0.3,0.2,11.3,8.2,3.1,1.7,1.9,0.5,1.1,2.7,8.6,0.1,-0.5,1.9
Xavier O'Neill,6.7,5.3,2.3,2.1,0.6,0.3,0,0.1,0.1,0.3,12,8.3,3.7,2.1,0.4,1.1,0.4,4.6,8.1,0.3,0.3,2.6
Jack Ginnivan,7.6,1.4,3.6,0.8,1.2,0.6,0,1.2,0.6,0.6,9,5.8,3.2,2.6,0.2,0.4,0.2,2.8,6.8,0.2,0.6,2.2
Zac Langdon,5,6.3,3.4,2.2,0.4,0.9,0,0.3,0.4,0.5,11.3,8.3,3.1,0.6,0.5,0.1,0.5,4.7,6.9,0.3,-0.5,2.2
Trey Ruscoe,8.1,3.7,3,1.7,0.3,0.8,0,0.2,0,0.2,11.8,8.9,2.9,0.8,2.1,0,0.8,3.2,8.1,0.2,-0.4,1.9
Roarke Smith,5.2,7,2.1,2.7,0.3,0.4,0,0.1,0.2,0.3,12.2,9.6,2.7,1.7,0.6,0.8,1.2,5.6,7.2,0.3,-0.1,0.9
Darcy Fogarty,5.9,2.6,3.3,1.3,1.2,1,0.1,1.5,0.8,0.4,8.6,6.3,2.3,2.1,0,0.3,0.8,4.6,4.4,0.9,0.2,1.8
Oliver Henry,6.1,3,4.4,0.9,0.4,0.1,0,0.7,0.8,0.7,9.1,5.9,3.2,1.3,0.2,0,0.3,2.4,6.6,0.7,0.3,2.6
Stefan Martin,3.1,6.9,1.1,1.4,0.9,1.9,17.6,0.1,0,0.3,10,7.1,2.9,0.4,0,2.9,1.1,7,3.1,0.4,-1,3.1
Louis Butler,6,4,5,2,0,1,0,0,0,0,10,9,1,0,0,1,0,1,9,0,-1,2
Brennan Cox,7.3,4.6,4.7,0.9,0.3,1,0.1,0,0,0.1,11.8,10.7,1.2,0.6,2.8,0.1,8.6,4.7,7.5,1.3,-0.7,1.8
Nathan Murphy,6.8,4.3,3.8,1.2,1.2,0.5,0,0.1,0.2,0,11.1,8.2,2.8,1.4,1.5,0.5,1.4,3.3,7.7,0.2,0.8,1.5
Esava Ratugolea,4.5,3.5,2.3,2,1.2,0.8,6.5,0.8,0.3,0.5,8.1,5.5,2.5,1.6,0.1,1.1,1.3,6.2,2.3,1.2,0.3,1.8
Mitch Wallis,4.7,5.5,3.3,1.7,0.8,0.5,0,0.7,0.3,0.2,10.2,8,2.2,1.8,0,0.7,0.3,4.7,5.5,0.5,0.3,2.2
Thomson Dow,5.8,7.4,3.2,1,0.2,0.4,0,0,0.4,0.4,13.2,8.4,4.8,1.2,0.4,1,0.2,4.4,9,0,-0.2,2.2
Nathan Kreuger,5.5,2,3.5,4,1,1,0,0,0,0,7.5,6,1.5,0,1.5,0,4.5,2.5,6,0,0,1
Jaxon Prior,7.4,2.7,2.9,1.5,0.7,0.3,0,0.4,0.2,0.1,10.1,6.8,3.3,2.1,1.3,1,0.8,3.3,6.9,0.2,0.4,1.4
Brandon Walker,7.2,3.2,3.6,1.7,0.1,0.4,0,0,0.3,0.2,10.4,7.2,3.2,1.8,1.1,0.1,1.6,2.7,7.9,0.3,-0.3,1.9
Zaine Cordy,6.8,2.9,3.6,2,1,0.5,0.3,0,0,0,9.6,7.6,2,0.6,2.1,0.2,6,3.6,5.9,0.4,0.5,1.4
Jake Melksham,5.8,4.9,2.5,1.8,0.3,1,0,0.8,0.4,0.8,10.7,7.6,3.1,2.2,0.2,0.5,0.4,4.5,6.6,0.1,-0.7,2.2
Rhyan Mansell,7,4.1,2.7,2.2,1,1.1,0,0.1,0,0,11.1,8.9,2.2,1.2,2.8,0.2,2.1,3.1,7.5,0,-0.1,2
Laitham Vandermeer,4.7,5.3,2.6,2.4,0.6,0.9,0,0.6,0.7,0.9,10,7.1,2.9,1.9,0,0.3,0.3,4.4,6.3,0.4,-0.3,2.4
Brayden Cook,7.3,6.7,2,1,0,0.3,0,0,0,0,14,10.3,3.7,1.7,0.7,0.7,0,4.3,9.7,0,-0.3,1.3
Aiden Bonar,7.2,3.5,3.6,1.6,0.4,0.8,0,0,0,0,10.7,9,1.7,0.4,2.5,0.2,3.7,3.4,7,0.5,-0.4,1.6
James Madden,5.4,5.6,2.8,1.8,0.9,0.2,0,0.1,0,0,11,8.1,2.9,1.2,1.8,1.1,1.6,5.9,5.2,0.3,0.7,1.1
Mitch Crowden,4.7,6.5,2.3,1.9,0.5,0.3,0,0.3,0.5,0.7,11.1,8.6,2.5,2.3,0.1,0.8,0.2,4.3,7.2,0.1,0.3,0.7
Jordon Butts,6.9,3.6,3.9,1.4,1,0.8,0,0,0,0,10.5,8.6,1.9,0.6,3,0,5.5,3.7,6.8,0.5,0.3,2
Leo Connolly,8,4,3.1,0.6,0.1,0.4,0,0.1,0.1,0.1,12,9,3,1.3,1.9,0.3,0.6,2.3,9.3,0.1,-0.3,2
Will Phillips,5.1,5.8,2.2,2.3,0.5,0.4,0,0.2,0.3,0.2,10.9,7.7,3.1,1.3,0.2,1.4,0.1,4.5,6.7,0.1,0.1,1.5
Elliott Himmelberg,5.3,3.6,3.1,1,1.3,0.9,1.8,1,0.8,0.3,8.9,5.5,3.4,1.9,0.1,0.1,1.5,6.5,3.4,1.8,0.4,2.3
Darcy Gardiner,7.7,4.3,4.4,0.4,0.6,1.3,0,0,0,0.1,12,8.9,3.1,0.3,1.9,0,2.6,5.1,6.9,1,-0.7,2.4
Lachlan McNeil,5.5,4.6,1.9,2.2,0.6,0.6,0,0.6,0.7,0.4,10.1,6.4,3.7,1.9,0,0.2,0.7,4.5,5.9,0.2,0,2.1
Jake Riccardi,6.3,5.3,3.4,0.4,0.3,0.1,0.3,0.3,0.1,0.3,11.6,8.1,3.4,1,0.4,0.1,0.4,3.3,8.3,0.3,0.1,1.4
Logan McDonald,5.4,3,3.1,0.9,1.1,0.4,0,1.3,0.7,0.9,8.4,5.4,3,1.3,0.4,0,1,3.9,4.9,0.3,0.7,1.1
Finlay Macrae,5,7.8,2.9,1,0.2,0.3,0,0.1,0,0.2,12.8,9.3,3.4,1.9,0.2,1.1,0,4.2,8.4,0,-0.1,1.7
Tyler Brockman,4.7,4.2,2.5,2.1,0.2,0.5,0,0.9,0.4,0.5,8.9,5.8,3.1,1.3,0.1,0.5,0.3,3.4,5.4,0.3,-0.3,2.3
Sam Berry,3.5,5.5,1.6,4.1,0.7,1,0,0.3,0.5,0.4,9,6.3,2.7,1.6,0.2,0.9,0.3,5.2,4.5,0.2,-0.3,1.8
Harrison Jones,4.8,2.5,3.6,1.3,0.4,0.4,0.3,1.3,0.4,0.4,7.3,5.8,1.6,1.3,0,0.1,0.8,3.4,4.1,1.1,0.1,1
Josh Treacy,4.7,3,3.4,2.1,0.7,0.9,0.5,0.9,0.7,0.1,7.7,4.9,2.8,1.3,0.1,0.1,0.6,4.1,3.7,1,-0.2,2.3
Charlie Lazzaro,5.5,4.1,2.6,2.1,0.6,0.3,0,0.3,0.3,0.3,9.6,6.4,3.2,1.9,0.8,0.5,0.5,2.6,7.6,0.1,0.3,2.2
Phil Davis,6.1,4.1,4.3,1.4,0.9,1.1,0,0,0,0.1,10.2,8.9,1.3,0.5,1.9,0,3.6,3.7,6.4,0.7,-0.2,2.1
Brodie Kemp,7,2.5,4,1.5,0,0.5,0,0,0,0,9.5,4.5,5,1,2,0,6.5,0.5,9,0,-0.5,3
Riley Garcia,6.3,5.1,1.6,1.9,0.7,0.9,0,0.4,0.3,0.6,11.4,7.7,3.8,2.4,0.3,0.8,0.3,5.3,6,0.1,-0.2,2.3
Will Martyn,7,6,3,1.5,0,2,0,0,0,0,13,8.5,4.5,1.5,0,1.5,0,4.5,10.5,0,-2,4
Jamarra Ugle-Hagan,5,2,2.8,1.6,0.6,0.4,0,1.4,0.4,0.2,7,4.2,2.8,1.2,0,0.2,0.4,3,4.4,0.6,0.2,2.6
Brandon Zerk-Thatcher,6,4,3.7,1.8,0.5,1,0.2,0,0,0,10,8.5,1.5,0.2,2.5,0.5,3,2.2,7.5,0.3,-0.5,2.2
Tom Fullarton,4.4,6.2,2,1.5,0.4,0.4,3.7,0.2,0.1,0.5,10.6,7.6,3,1.1,0.4,1.6,1,5.1,5.3,0.5,0,1.4
Lloyd Meek,2.3,6.4,1.3,1.6,0.7,1.4,14.2,0.1,0.2,0,8.8,5.9,2.9,0.6,0.1,2.3,1.8,6.7,3,0.7,-0.8,3.3
Beau McCreery,4.3,2.5,2,3.6,0.3,1,0,0.9,0.5,0.2,6.8,4.2,2.7,1.8,0,0.2,0.3,2.3,4.8,0.1,-0.8,2.3
Callum Ah Chee,5.2,4.8,1.7,2.9,0.3,0.9,0,0.4,0,0.4,10,7.2,2.8,1.7,0.6,0.6,1.1,4.9,5.2,0.3,-0.7,2
Anthony Scott,4.8,5.2,1.8,1.9,0.9,0.2,0,0.5,0.4,0.3,10,7.6,2.4,1.7,0.4,0.7,0.2,5,5.8,0.3,0.7,1.2
Sam Weideman,3.8,4.2,3.2,1.8,0.6,0.2,0.2,0.6,0.8,0.4,8,4,4,0.8,0,0,0.8,4.6,3.2,1,0.4,1.8
Keidean Coleman,5,4.2,2.6,1.9,0.9,0.6,0,0.4,0.4,0.4,9.2,7,2.2,1.3,0.4,0.6,0.8,4.2,5.1,0.4,0.3,1.4
Bailey Banfield,4.8,4.5,2,2.3,0.5,1,0,0.7,0.3,0.5,9.3,7,2.3,1.2,1,1.2,0.3,4.5,5.3,0,-0.5,2
Ben McKay,4.5,5,4.3,1.4,0.6,0.8,0,0,0,0,9.5,8.5,1.1,0.4,1.6,0.1,6.3,3.2,6.2,0.9,-0.1,1.4
Colin O'Riordan,6.5,3.3,3,1.3,0.5,0,0,0,0,0.5,9.8,7.3,2.5,1.3,0.3,0,1.5,3.8,5.3,0.5,0.5,1
James Bell,4.1,4.5,2.6,2.8,0.8,0.5,0,0.1,0.1,0.3,8.6,6.4,2.3,1.3,0.1,0.5,0,3.4,5.4,0.4,0.3,1.5
Nick Murray,7,2,2.9,1.8,1.3,1,0.1,0.1,0.1,0,9,7.2,1.8,0.9,2.9,0.1,7.3,4.2,4.6,0.6,0.3,2
Harrison Petty,5.9,2.7,3.8,1.6,0.6,0.9,0,0,0,0.1,8.6,7.1,1.6,0.3,2,0.1,4.9,4.2,4.8,0.8,-0.3,1.9
Tom Wilson,6.3,5.8,1.8,1.8,0.3,1.3,0,0,0,0,12,8.3,3.8,0.5,2,0.8,0.8,3.3,9,0.3,-1,3
Rory Atkins,5.9,5.1,2,1.1,0,0.4,0,0.3,0.3,0.5,11,9.3,1.8,2.4,0.6,1,0.3,3.1,8.3,0,-0.4,1.3
Conor Stone,5,4,2.3,1.7,0.3,0,0,0.3,0,0,9,7,2,1.7,0.7,0,0.3,3,5.7,0,0.3,1
Will Hamill,5.5,4.6,1.6,2.1,1.1,0.5,0,0,0,0.1,10.2,7.2,3,0.8,1.4,0.4,0.9,4.6,5.6,0.2,0.6,1.6
Denver Grainger-Barras,5,2.4,3.4,2.2,0.6,0.4,0,0,0,0.2,7.4,6,1.4,0.4,1.6,0.4,4,2.2,5.4,0.2,0.2,1.4
Connor Blakely,4.5,6,2.7,1,0.7,0.5,0,0.1,0.2,0.4,10.5,8.6,1.9,1.4,0.5,1.2,0.2,4.1,6.8,0,0.3,0.8
Liam Henry,6.2,2.8,2.2,1,0.8,0.6,0,0.6,0.5,0.4,9,5.5,3.5,1.8,0.4,0.6,0.7,4.4,5.1,0.4,0.2,2
Tanner Bruhn,4.5,3.8,1.4,2.6,0.6,0.4,0,0.4,0.4,0.4,8.3,6.3,2,1.7,0.5,0.7,0.5,4,4.3,0,0.3,1.1
Sam Mayes,3.9,3.9,1.9,2.2,0.2,0.2,0,0.6,0.3,0.1,7.8,5.1,2.7,1,0.2,0.6,0.2,3,4.7,0.6,0,1.8
Kyle Hartigan,5.6,5,3.5,0.8,0.8,1.5,0.1,0,0,0.1,10.6,8.3,2.3,0.4,2.3,0.2,5.1,4.1,6.4,0.6,-0.7,2.6
Dylan Stephens,4.8,4.8,3.3,1.3,0.2,1.3,0,0.2,0.2,0,9.7,7,2.7,1,0.8,0.2,0.3,2.2,7.7,0,-1.2,2.7
Alex Pearce,5.6,4,2.7,1,1.2,0.5,0.1,0,0.1,0.2,9.6,7.4,2.2,0.7,2.5,0.4,5,4.7,4.9,0.4,0.7,2
Caleb Graham,4.3,2.8,3.5,0.7,0.3,0.8,6.8,0,0.1,0,7.1,5.7,1.4,0.3,0.8,0.9,5.1,2.7,4.8,0.3,-0.6,2.1
Bailey J. Williams,3.8,2,2.3,1.3,0.2,1.2,8.3,0.5,0.5,0.2,5.8,3.8,2,1,0.5,0.2,1.2,3.5,3,1.3,-1,2
Hugo Ralphsmith,5.4,4.4,1.4,1,0.2,0.4,0,0.6,0.4,0,9.8,6.6,3.2,1.6,0.8,0,1.4,2.4,7.2,0,-0.2,1.6
Connor Downie,6,6,2,0,0,0,0,0,0,0,12,12,0,1,2,0,0,1,11,0,0,0
Darragh Joyce,7.2,2.2,2.6,0.8,0.4,0.8,0.8,0,0,0,9.4,6.6,2.8,0.4,2.4,0,3.8,3,6,0,-0.4,2.2
Callum M. Brown,4,2,2,1,0,1,0,2,0,0,6,6,0,2,0,0,0,4,2,1,-1,1
Tristan Xerri,3.3,4.3,1.8,2.1,0.5,2,7.4,0.1,0.3,0.1,7.5,4.5,3,1.1,0,0.8,1.9,5.3,2.8,0.5,-1.5,3.8
Joel Smith,4,3.5,3.5,1.5,0.5,0.5,0,0,0,0,7.5,5,2.5,0,2,0,4.5,4.5,5,0,0,2.5
Martin Frederick,4.1,5.3,2.1,1.3,0.6,0.6,0,0.1,0,0.3,9.4,8,1.4,1.1,0.8,0.4,0.8,3.3,6.3,0.3,0,1.1
Luke Pedlar,7,2.5,2,0.5,0.5,0.5,0,0,0,0,9.5,5.5,4,2.5,0.5,1.5,0.5,2.5,7,0,0,3
Ben Davis,5,3.8,2.5,0.8,0.8,0.3,0,0,0,0,8.8,6.8,2,0.8,0.5,0,0.8,3.3,5.5,0.3,0.5,0.5
Luke Parks,5,2.5,2,2,0.8,0.8,0,0,0,0,7.5,6,1.5,1.2,1.5,0,3.3,2.8,4.5,0.3,0,2
Joel Hamling,3,7,0,1,3,0,2,0,0,0,10,7,3,0,1,0,7,6,4,0,3,1
Lewis Taylor,6,0,4,1,0,1,0,0,1,0,6,5,1,0,0,0,0,3,5,0,-1,1
Dylan Williams,6,1,1,3,0,1,0,0,0,0,7,4,3,2,0,0,0,2,2,0,-1,1
Harry Sharp,6,1.5,1.5,2,0.5,1,0,0,0,0.5,7.5,4,3.5,1.5,1.5,0,1.5,3.5,4.5,0,-0.5,3.5
Buku Khamis,7,4,1,1,1,2,0,0,0,0,11,7,4,1,1,0,4,5,5,0,-1,3
Kyron Hayden,4.7,2.3,2.7,2,1.3,1.7,0,0,0,0,7,5,2,0.7,1.3,0,0.7,2.3,5.3,0,-0.3,2.3
Thomas Berry,2.3,3.8,1,3.3,0.3,0.8,0,0.3,0.2,0.3,6.2,4.2,2,1.3,0,0.2,0.5,3,3.2,0,-0.5,2.2
Malcolm Rosas,4.7,1.7,1.7,2,0.3,0.3,0,0,1.3,0,6.3,4,2.3,2.3,0.3,0.7,0.3,2.7,4,0,0,1.3
Jack Gunston,6,1,1,2,0,0,0,0,0,0,7,4,3,0,2,1,0,1,5,0,0,1
Mitchell Hinge,6,1,3,0,1,0,0,0,0,0,7,4,3,1,2,0,1,2,5,1,1,1
Emerson Jeka,3.3,3.3,1.8,1,0.3,0,0,0.5,0.5,0.3,6.5,5.3,1.3,1.5,0,0,0.3,2.8,5.3,0.3,0.3,0.5
Sam De Koning,7,1,3,0,0,2,1,0,2,0,8,2,6,2,0,1,2,3,5,1,-2,4
Joel Jeffrey,4.8,1.5,1.5,1,0.3,0.5,0,0.5,1,0,6.3,2.8,3.5,1.8,0,0,1.3,2.8,3.3,0.3,-0.3,2.8
Finn Maginness,2.5,5,0.5,2.5,0.5,0.5,0,0,0,0.5,7.5,4.5,3,2.5,0,2.5,0.5,5.5,3,0,0,1.5
Charlie Comben,3,3,2,1,0,1,0,1,0,0,6,3,3,1,0,0,1,3,3,0,-1,1
Maurice Rioli,3.5,1,0.5,2,0.5,0.5,0,1,0,0.5,4.5,2.5,2,1,0,0,0,0.5,3,0,0,2.5
Francis Evans,4,0,2,0.5,0,0,0,1,0.5,0,4,3,1,1,0,0,0.5,0.5,3,0,0,0
Sam Sturt,3,2,2,0,0,0,0,1,1,0,5,2,3,2,0,0,0,3,2,1,0,1
Isiah Winder,2,3,1,1,1,0,0,1,0,0,5,5,0,1,0,1,0,3,2,0,1,0
Joel Western,3.5,2.8,1.3,1.5,0.3,0.3,0,0,0,0.3,6.3,4,2.3,1,0.3,0,0,2,4,0,0,2
Ryan Gardner,4.2,2,2.7,0.7,0.3,0.8,0,0,0,0,6.2,5.5,0.7,0.3,1,0.2,5.7,2.2,4.2,0.3,-0.5,1.2
Corey Durdin,2,2,1,2,0.5,0,0,0.5,0,1,4,2.5,1.5,0.5,0,0,0,2.5,2,0,0.5,0.5
Ben Miller,4,2,2,0,1,0,0,0,0,0,6,5,1,0,2,0,5,4,3,0,1,0
Jake Stein,3.8,1,2.5,0.8,0.3,0.5,0,0,0,0,4.8,3.8,1,0,1.3,0,4.5,2.8,2.8,0.8,-0.3,1.8
Josh Morris,2,1,0.5,2.5,1.5,0,0,0,0.5,0,3,2,1,0.5,0,0,0.5,2.5,0.5,0,1.5,1
Phoenix Spicer,3,4,1,0,0,0,0,0,1,0,7,1,6,2,0,0,1,2,5,0,0,2
Will Kelly,3,2.5,2,0,1,0,0,0,0,0,5.5,3,2.5,0.5,1,0,1.5,2,4,0,1,0.5
Josh Worrell,2,1,0,2,0,0,0,0,0,0,3,1,2,0,1,0,2,1,2,0,0,1
Ben Ronke,2,3,1,0,0,0,0,0,0,0,5,4,1,0,0,0,0,2,3,0,0,1
Ryan Clarke,3,0.5,1.5,0.5,0,0.5,0,0,0,0,3.5,3,0.5,0,1.5,0.5,0,0.5,3,0,-0.5,1
Rhylee West,3,1.5,1,1.5,0,2.5,0,0,1,0,4.5,2,2.5,1.5,0,0.5,0,1,3.5,0,-2.5,3
Kade Chandler,1,3,0,2,0,2,0,0,0,1,4,3,1,0,0,0,0,2,2,0,-2,3
Jed McEntee,0,1,0,0,0,0,0,0,0,0,1,1,0,0,0,0,0,0,1,0,0,0
Matt Crouch,0,0,0,0,0,0,0,0,0,0,0,0,0,0,0,0,0,0,0,0,0,0
Wayne Milera,0,0,0,0,0,0,0,0,0,0,0,0,0,0,0,0,0,0,0,0,0,0
James Borlase,0,0,0,0,0,0,0,0,0,0,0,0,0,0,0,0,0,0,0,0,0,0
Fischer McAsey,0,0,0,0,0,0,0,0,0,0,0,0,0,0,0,0,0,0,0,0,0,0
Patrick Parnell,0,0,0,0,0,0,0,0,0,0,0,0,0,0,0,0,0,0,0,0,0,0
Tariek Newchurch,0,0,0,0,0,0,0,0,0,0,0,0,0,0,0,0,0,0,0,0,0,0
Joshua Rachele,0,0,0,0,0,0,0,0,0,0,0,0,0,0,0,0,0,0,0,0,0,0
Zac Taylor,0,0,0,0,0,0,0,0,0,0,0,0,0,0,0,0,0,0,0,0,0,0
Jake Soligo,0,0,0,0,0,0,0,0,0,0,0,0,0,0,0,0,0,0,0,0,0,0
Luke Nankervis,0,0,0,0,0,0,0,0,0,0,0,0,0,0,0,0,0,0,0,0,0,0
Cameron Ellis-Yolmen,0,0,0,0,0,0,0,0,0,0,0,0,0,0,0,0,0,0,0,0,0,0
Darcy Fort,0,0,0,0,0,0,0,0,0,0,0,0,0,0,0,0,0,0,0,0,0,0
Cam Rayner,0,0,0,0,0,0,0,0,0,0,0,0,0,0,0,0,0,0,0,0,0,0
Noah Answerth,0,0,0,0,0,0,0,0,0,0,0,0,0,0,0,0,0,0,0,0,0,0
Ely Smith,0,0,0,0,0,0,0,0,0,0,0,0,0,0,0,0,0,0,0,0,0,0
Connor McFadyen,0,0,0,0,0,0,0,0,0,0,0,0,0,0,0,0,0,0,0,0,0,0
Blake Coleman,0,0,0,0,0,0,0,0,0,0,0,0,0,0,0,0,0,0,0,0,0,0
Carter Michael,0,0,0,0,0,0,0,0,0,0,0,0,0,0,0,0,0,0,0,0,0,0
Kai Lohmann,0,0,0,0,0,0,0,0,0,0,0,0,0,0,0,0,0,0,0,0,0,0
Henry Smith,0,0,0,0,0,0,0,0,0,0,0,0,0,0,0,0,0,0,0,0,0,0
Darcy Wilmot,0,0,0,0,0,0,0,0,0,0,0,0,0,0,0,0,0,0,0,0,0,0
Kalin Lane,0,0,0,0,0,0,0,0,0,0,0,0,0,0,0,0,0,0,0,0,0,0
James Tunstill,0,0,0,0,0,0,0,0,0,0,0,0,0,0,0,0,0,0,0,0,0,0
Deividas Uosis,0,0,0,0,0,0,0,0,0,0,0,0,0,0,0,0,0,0,0,0,0,0
Caleb Marchbank,0,0,0,0,0,0,0,0,0,0,0,0,0,0,0,0,0,0,0,0,0,0
Jordan Boyd,0,0,0,0,0,0,0,0,0,0,0,0,0,0,0,0,0,0,0,0,0,0
Sam Philp,0,0,0,0,0,0,0,0,0,0,0,0,0,0,0,0,0,0,0,0,0,0
Jack Carroll,0,0,0,0,0,0,0,0,0,0,0,0,0,0,0,0,0,0,0,0,0,0
Domanic Akuei,0,0,0,0,0,0,0,0,0,0,0,0,0,0,0,0,0,0,0,0,0,0
Jesse Motlop,0,0,0,0,0,0,0,0,0,0,0,0,0,0,0,0,0,0,0,0,0,0
Alex Mirkov,0,0,0,0,0,0,0,0,0,0,0,0,0,0,0,0,0,0,0,0,0,0
Ash Johnson,0,0,0,0,0,0,0,0,0,0,0,0,0,0,0,0,0,0,0,0,0,0
Charlie Dean,0,0,0,0,0,0,0,0,0,0,0,0,0,0,0,0,0,0,0,0,0,0
Arlo Draper,0,0,0,0,0,0,0,0,0,0,0,0,0,0,0,0,0,0,0,0,0,0
Cooper Murley,0,0,0,0,0,0,0,0,0,0,0,0,0,0,0,0,0,0,0,0,0,0
Liam McMahon,0,0,0,0,0,0,0,0,0,0,0,0,0,0,0,0,0,0,0,0,0,0
Reef McInnes,0,0,0,0,0,0,0,0,0,0,0,0,0,0,0,0,0,0,0,0,0,0
Harvey Harrison,0,0,0,0,0,0,0,0,0,0,0,0,0,0,0,0,0,0,0,0,0,0
Aiden Begg,0,0,0,0,0,0,0,0,0,0,0,0,0,0,0,0,0,0,0,0,0,0
Isaac Chugg,0,0,0,0,0,0,0,0,0,0,0,0,0,0,0,0,0,0,0,0,0,0
Nick Daicos,0,0,0,0,0,0,0,0,0,0,0,0,0,0,0,0,0,0,0,0,0,0
Michael Hurley,0,0,0,0,0,0,0,0,0,0,0,0,0,0,0,0,0,0,0,0,0,0
Garrett McDonagh,0,0,0,0,0,0,0,0,0,0,0,0,0,0,0,0,0,0,0,0,0,0
Kaine Baldwin,0,0,0,0,0,0,0,0,0,0,0,0,0,0,0,0,0,0,0,0,0,0
Cody Brand,0,0,0,0,0,0,0,0,0,0,0,0,0,0,0,0,0,0,0,0,0,0
Alastair Lord,0,0,0,0,0,0,0,0,0,0,0,0,0,0,0,0,0,0,0,0,0,0
Josh Eyre,0,0,0,0,0,0,0,0,0,0,0,0,0,0,0,0,0,0,0,0,0,0
Ben Hobbs,0,0,0,0,0,0,0,0,0,0,0,0,0,0,0,0,0,0,0,0,0,0
Patrick Voss,0,0,0,0,0,0,0,0,0,0,0,0,0,0,0,0,0,0,0,0,0,0
Cian McBride,0,0,0,0,0,0,0,0,0,0,0,0,0,0,0,0,0,0,0,0,0,0
Tom Hird,0,0,0,0,0,0,0,0,0,0,0,0,0,0,0,0,0,0,0,0,0,0
Luke Valente,0,0,0,0,0,0,0,0,0,0,0,0,0,0,0,0,0,0,0,0,0,0
Nathan O'Driscoll,0,0,0,0,0,0,0,0,0,0,0,0,0,0,0,0,0,0,0,0,0,0
Matthew Johnson,0,0,0,0,0,0,0,0,0,0,0,0,0,0,0,0,0,0,0,0,0,0
Neil Erasmus,0,0,0,0,0,0,0,0,0,0,0,0,0,0,0,0,0,0,0,0,0,0
Jye Amiss,0,0,0,0,0,0,0,0,0,0,0,0,0,0,0,0,0,0,0,0,0,0
Karl Worner,0,0,0,0,0,0,0,0,0,0,0,0,0,0,0,0,0,0,0,0,0,0
Eric Benning,0,0,0,0,0,0,0,0,0,0,0,0,0,0,0,0,0,0,0,0,0,0
Tyson Stengle,0,0,0,0,0,0,0,0,0,0,0,0,0,0,0,0,0,0,0,0,0,0
Cooper Stephens,0,0,0,0,0,0,0,0,0,0,0,0,0,0,0,0,0,0,0,0,0,0
Paul Tsapatolis,0,0,0,0,0,0,0,0,0,0,0,0,0,0,0,0,0,0,0,0,0,0
Nick Stevens,0,0,0,0,0,0,0,0,0,0,0,0,0,0,0,0,0,0,0,0,0,0
James Willis,0,0,0,0,0,0,0,0,0,0,0,0,0,0,0,0,0,0,0,0,0,0
Shannon Neale,0,0,0,0,0,0,0,0,0,0,0,0,0,0,0,0,0,0,0,0,0,0
Toby Conway,0,0,0,0,0,0,0,0,0,0,0,0,0,0,0,0,0,0,0,0,0,0
Flynn Kroeger,0,0,0,0,0,0,0,0,0,0,0,0,0,0,0,0,0,0,0,0,0,0
Cooper Whyte,0,0,0,0,0,0,0,0,0,0,0,0,0,0,0,0,0,0,0,0,0,0
Mitch Knevitt,0,0,0,0,0,0,0,0,0,0,0,0,0,0,0,0,0,0,0,0,0,0
Oisin Mullin,0,0,0,0,0,0,0,0,0,0,0,0,0,0,0,0,0,0,0,0,0,0
Ollie Dempsey,0,0,0,0,0,0,0,0,0,0,0,0,0,0,0,0,0,0,0,0,0,0
James Sicily,0,0,0,0,0,0,0,0,0,0,0,0,0,0,0,0,0,0,0,0,0,0
Jack Saunders,0,0,0,0,0,0,0,0,0,0,0,0,0,0,0,0,0,0,0,0,0,0
Sam Butler,0,0,0,0,0,0,0,0,0,0,0,0,0,0,0,0,0,0,0,0,0,0
Jackson Callow,0,0,0,0,0,0,0,0,0,0,0,0,0,0,0,0,0,0,0,0,0,0
Jai Serong,0,0,0,0,0,0,0,0,0,0,0,0,0,0,0,0,0,0,0,0,0,0
Connor MacDonald,0,0,0,0,0,0,0,0,0,0,0,0,0,0,0,0,0,0,0,0,0,0
Josh Ward,0,0,0,0,0,0,0,0,0,0,0,0,0,0,0,0,0,0,0,0,0,0
Ned Long,0,0,0,0,0,0,0,0,0,0,0,0,0,0,0,0,0,0,0,0,0,0
Seamus Mitchell,0,0,0,0,0,0,0,0,0,0,0,0,0,0,0,0,0,0,0,0,0,0
Fionn O'Hara,0,0,0,0,0,0,0,0,0,0,0,0,0,0,0,0,0,0,0,0,0,0
Majak Daw,0,0,0,0,0,0,0,0,0,0,0,0,0,0,0,0,0,0,0,0,0,0
Toby Bedford,0,0,0,0,0,0,0,0,0,0,0,0,0,0,0,0,0,0,0,0,0,0
Deakyn Smith,0,0,0,0,0,0,0,0,0,0,0,0,0,0,0,0,0,0,0,0,0,0
Bailey Laurie,0,0,0,0,0,0,0,0,0,0,0,0,0,0,0,0,0,0,0,0,0,0
Fraser Rosman,0,0,0,0,0,0,0,0,0,0,0,0,0,0,0,0,0,0,0,0,0,0
Andy Moniz-Wakefield,0,0,0,0,0,0,0,0,0,0,0,0,0,0,0,0,0,0,0,0,0,0
Blake Howes,0,0,0,0,0,0,0,0,0,0,0,0,0,0,0,0,0,0,0,0,0,0
Judd McVee,0,0,0,0,0,0,0,0,0,0,0,0,0,0,0,0,0,0,0,0,0,0
Jacob van Rooyen,0,0,0,0,0,0,0,0,0,0,0,0,0,0,0,0,0,0,0,0,0,0
Taj Woewodin,0,0,0,0,0,0,0,0,0,0,0,0,0,0,0,0,0,0,0,0,0,0
Daniel Turner,0,0,0,0,0,0,0,0,0,0,0,0,0,0,0,0,0,0,0,0,0,0
Paul Curtis,0,0,0,0,0,0,0,0,0,0,0,0,0,0,0,0,0,0,0,0,0,0
Matt McGuinness,0,0,0,0,0,0,0,0,0,0,0,0,0,0,0,0,0,0,0,0,0,0
Jason Horne-Francis,0,0,0,0,0,0,0,0,0,0,0,0,0,0,0,0,0,0,0,0,0,0
Flynn Perez,0,0,0,0,0,0,0,0,0,0,0,0,0,0,0,0,0,0,0,0,0,0
Patrick Walker,0,0,0,0,0,0,0,0,0,0,0,0,0,0,0,0,0,0,0,0,0,0
Jacob Edwards,0,0,0,0,0,0,0,0,0,0,0,0,0,0,0,0,0,0,0,0,0,0
Miller Bergman,0,0,0,0,0,0,0,0,0,0,0,0,0,0,0,0,0,0,0,0,0,0
Joshua Goater,0,0,0,0,0,0,0,0,0,0,0,0,0,0,0,0,0,0,0,0,0,0
Jackson Archer,0,0,0,0,0,0,0,0,0,0,0,0,0,0,0,0,0,0,0,0,0,0
Sam Skinner,0,0,0,0,0,0,0,0,0,0,0,0,0,0,0,0,0,0,0,0,0,0
Sam Hayes,0,0,0,0,0,0,0,0,0,0,0,0,0,0,0,0,0,0,0,0,0,0
Jackson Mead,0,0,0,0,0,0,0,0,0,0,0,0,0,0,0,0,0,0,0,0,0,0
Jake Pasini,0,0,0,0,0,0,0,0,0,0,0,0,0,0,0,0,0,0,0,0,0,0
Taj Schofield,0,0,0,0,0,0,0,0,0,0,0,0,0,0,0,0,0,0,0,0,0,0
Ollie Lord,0,0,0,0,0,0,0,0,0,0,0,0,0,0,0,0,0,0,0,0,0,0
Jase Burgoyne,0,0,0,0,0,0,0,0,0,0,0,0,0,0,0,0,0,0,0,0,0,0
Hugh Jackson,0,0,0,0,0,0,0,0,0,0,0,0,0,0,0,0,0,0,0,0,0,0
Josh Sinn,0,0,0,0,0,0,0,0,0,0,0,0,0,0,0,0,0,0,0,0,0,0
Dante Visentini,0,0,0,0,0,0,0,0,0,0,0,0,0,0,0,0,0,0,0,0,0,0
Ivan Soldo,0,0,0,0,0,0,0,0,0,0,0,0,0,0,0,0,0,0,0,0,0,0
Bigoa Nyuon,0,0,0,0,0,0,0,0,0,0,0,0,0,0,0,0,0,0,0,0,0,0
Noah Cumberland,0,0,0,0,0,0,0,0,0,0,0,0,0,0,0,0,0,0,0,0,0,0
Samuel Banks,0,0,0,0,0,0,0,0,0,0,0,0,0,0,0,0,0,0,0,0,0,0
Judson Clarke,0,0,0,0,0,0,0,0,0,0,0,0,0,0,0,0,0,0,0,0,0,0
Joshua Gibcus,0,0,0,0,0,0,0,0,0,0,0,0,0,0,0,0,0,0,0,0,0,0
Tom Brown,0,0,0,0,0,0,0,0,0,0,0,0,0,0,0,0,0,0,0,0,0,0
Tyler Sonsie,0,0,0,0,0,0,0,0,0,0,0,0,0,0,0,0,0,0,0,0,0,0
Mate Colina,0,0,0,0,0,0,0,0,0,0,0,0,0,0,0,0,0,0,0,0,0,0
Ben Paton,0,0,0,0,0,0,0,0,0,0,0,0,0,0,0,0,0,0,0,0,0,0
Nasiah Wanganeen-Milera,0,0,0,0,0,0,0,0,0,0,0,0,0,0,0,0,0,0,0,0,0,0
Oscar Adams,0,0,0,0,0,0,0,0,0,0,0,0,0,0,0,0,0,0,0,0,0,0
Matthew Allison,0,0,0,0,0,0,0,0,0,0,0,0,0,0,0,0,0,0,0,0,0,0
Max Heath,0,0,0,0,0,0,0,0,0,0,0,0,0,0,0,0,0,0,0,0,0,0
Josiah Kyle,0,0,0,0,0,0,0,0,0,0,0,0,0,0,0,0,0,0,0,0,0,0
Jack Peris,0,0,0,0,0,0,0,0,0,0,0,0,0,0,0,0,0,0,0,0,0,0
Marcus Windhager,0,0,0,0,0,0,0,0,0,0,0,0,0,0,0,0,0,0,0,0,0,0
Mitch Owens,0,0,0,0,0,0,0,0,0,0,0,0,0,0,0,0,0,0,0,0,0,0
Robbie McComb,0,0,0,0,0,0,0,0,0,0,0,0,0,0,0,0,0,0,0,0,0,0
Cody Raak,0,0,0,0,0,0,0,0,0,0,0,0,0,0,0,0,0,0,0,0,0,0
Dominic Bedendo,0,0,0,0,0,0,0,0,0,0,0,0,0,0,0,0,0,0,0,0,0,0
Luke Cleary,0,0,0,0,0,0,0,0,0,0,0,0,0,0,0,0,0,0,0,0,0,0
Sam Darcy,0,0,0,0,0,0,0,0,0,0,0,0,0,0,0,0,0,0,0,0,0,0
Arthur Jones,0,0,0,0,0,0,0,0,0,0,0,0,0,0,0,0,0,0,0,0,0,0
Charlie Parker,0,0,0,0,0,0,0,0,0,0,0,0,0,0,0,0,0,0,0,0,0,0
Willie Rioli,0,0,0,0,0,0,0,0,0,0,0,0,0,0,0,0,0,0,0,0,0,0
Greg Clark,0,0,0,0,0,0,0,0,0,0,0,0,0,0,0,0,0,0,0,0,0,0
Callum Jamieson,0,0,0,0,0,0,0,0,0,0,0,0,0,0,0,0,0,0,0,0,0,0
Zane Trew,0,0,0,0,0,0,0,0,0,0,0,0,0,0,0,0,0,0,0,0,0,0
Campbell Chesser,0,0,0,0,0,0,0,0,0,0,0,0,0,0,0,0,0,0,0,0,0,0
Rhett Bazzo,0,0,0,0,0,0,0,0,0,0,0,0,0,0,0,0,0,0,0,0,0,0
Jack Williams,0,0,0,0,0,0,0,0,0,0,0,0,0,0,0,0,0,0,0,0,0,0
Brady Hough,0,0,0,0,0,0,0,0,0,0,0,0,0,0,0,0,0,0,0,0,0,0
Sam Naismith,0,0,0,0,0,0,0,0,0,0,0,0,0,0,0,0,0,0,0,0,0,0
Will Gould,0,0,0,0,0,0,0,0,0,0,0,0,0,0,0,0,0,0,0,0,0,0
Matty Roberts,0,0,0,0,0,0,0,0,0,0,0,0,0,0,0,0,0,0,0,0,0,0
Marc Sheather,0,0,0,0,0,0,0,0,0,0,0,0,0,0,0,0,0,0,0,0,0,0
Lachlan Rankin,0,0,0,0,0,0,0,0,0,0,0,0,0,0,0,0,0,0,0,0,0,0
Corey Warner,0,0,0,0,0,0,0,0,0,0,0,0,0,0,0,0,0,0,0,0,0,0
Barry O'Connor,0,0,0,0,0,0,0,0,0,0,0,0,0,0,0,0,0,0,0,0,0,0
Angus Sheldrick,0,0,0,0,0,0,0,0,0,0,0,0,0,0,0,0,0,0,0,0,0,0
Lachlan McAndrew,0,0,0,0,0,0,0,0,0,0,0,0,0,0,0,0,0,0,0,0,0,0
Rory Thompson,0,0,0,0,0,0,0,0,0,0,0,0,0,0,0,0,0,0,0,0,0,0
Jez McLennan,0,0,0,0,0,0,0,0,0,0,0,0,0,0,0,0,0,0,0,0,0,0
Hewago Paul Oea,0,0,0,0,0,0,0,0,0,0,0,0,0,0,0,0,0,0,0,0,0,0
Matt Conroy,0,0,0,0,0,0,0,0,0,0,0,0,0,0,0,0,0,0,0,0,0,0
Elijah Hollands,0,0,0,0,0,0,0,0,0,0,0,0,0,0,0,0,0,0,0,0,0,0
Rhys Nicholls,0,0,0,0,0,0,0,0,0,0,0,0,0,0,0,0,0,0,0,0,0,0
Sandy Brock,0,0,0,0,0,0,0,0,0,0,0,0,0,0,0,0,0,0,0,0,0,0
Patrick Murtagh,0,0,0,0,0,0,0,0,0,0,0,0,0,0,0,0,0,0,0,0,0,0
Mac Andrew,0,0,0,0,0,0,0,0,0,0,0,0,0,0,0,0,0,0,0,0,0,0
Bodhi Uwland,0,0,0,0,0,0,0,0,0,0,0,0,0,0,0,0,0,0,0,0,0,0
Ned Moyle,0,0,0,0,0,0,0,0,0,0,0,0,0,0,0,0,0,0,0,0,0,0
Braydon Preuss,0,0,0,0,0,0,0,0,0,0,0,0,0,0,0,0,0,0,0,0,0,0
Jacob Wehr,0,0,0,0,0,0,0,0,0,0,0,0,0,0,0,0,0,0,0,0,0,0
Leek Aleer,0,0,0,0,0,0,0,0,0,0,0,0,0,0,0,0,0,0,0,0,0,0
Cameron Fleeton,0,0,0,0,0,0,0,0,0,0,0,0,0,0,0,0,0,0,0,0,0,0
Will Shaw,0,0,0,0,0,0,0,0,0,0,0,0,0,0,0,0,0,0,0,0,0,0
Ryan Angwin,0,0,0,0,0,0,0,0,0,0,0,0,0,0,0,0,0,0,0,0,0,0
Cooper Hamilton,0,0,0,0,0,0,0,0,0,0,0,0,0,0,0,0,0,0,0,0,0,0
Josh Fahey,0,0,0,0,0,0,0,0,0,0,0,0,0,0,0,0,0,0,0,0,0,0
Finn Callaghan,0,0,0,0,0,0,0,0,0,0,0,0,0,0,0,0,0,0,0,0,0,0
Samson Ryan,0,0,0,0,0,1,1,0,0,0,0,0,0,0,0,0,1,0,0,0,-1,1
