Player,Kicks,Marks,Handball,Goal,Behind,Hit-Out,Tackles,FreeFor,FreeAgainst,FantasyPoints
"Laird, Rory",14.27,3.73,17.73,0.14,0.36,0.00,5.91,1.73,1.50,
"Keays, Ben",15.91,3.73,12.23,0.55,0.36,0.00,6.05,1.18,1.50,
"Seedsman, Paul",15.77,5.36,10.32,0.55,0.59,0.00,2.32,0.82,0.82,
"Smith, Brodie",15.09,4.86,4.59,0.09,0.18,0.00,1.73,0.41,0.36,
"Schoenberg, Harry",10.45,2.82,7.95,0.45,0.41,0.00,3.59,0.73,1.45,
"Sloane, Rory",9.00,3.05,9.27,0.14,0.09,0.00,3.95,1.09,0.77,
"Doedee, Tom",9.23,4.55,6.59,0.05,0.05,0.00,2.14,0.86,1.00,
"Sholl, Lachlan",9.45,3.55,5.73,0.14,0.32,0.00,0.95,0.32,0.23,
"Kelly, Jake",9.73,4.64,4.32,0.00,0.00,0.00,1.91,0.95,0.77,
"OBrien, Reilly",6.27,3.23,7.09,0.09,0.00,26.59,2.50,1.14,0.91,
"McHenry, Ned",5.45,2.45,6.27,0.50,0.32,0.00,2.95,0.95,1.68,
"McPherson, Andrew",7.09,2.45,4.00,0.00,0.00,0.00,1.32,0.36,0.32,
"Rowe, James",5.59,1.86,5.36,0.68,0.50,0.00,1.59,0.82,0.41,
"Mackay, David",6.68,1.91,4.23,0.27,0.27,0.00,1.82,0.73,0.32,
"Butts, Jordon",6.86,3.82,3.64,0.00,0.00,0.00,1.36,1.05,0.77,
"Walker, Taylor",7.05,4.09,3.27,2.18,1.32,1.82,1.05,0.91,0.95,
"Lynch, Tom",5.86,2.91,3.91,0.36,0.41,0.00,0.68,0.59,0.36,
"Jones, Chayce",5.82,1.95,2.64,0.05,0.14,0.00,0.86,0.27,0.68,
"Murphy, Lachlan",4.55,1.14,3.45,0.41,0.68,0.00,1.55,1.00,0.41,
"Hamill, Will",4.27,1.23,3.59,0.00,0.00,0.00,1.59,0.82,0.36,
"Berry, Sam",2.73,1.23,4.27,0.23,0.41,0.00,3.14,0.55,0.77,
"Thilthorpe, Riley",4.27,2.00,2.64,0.82,0.45,1.14,0.86,0.45,0.64,
"Brown, Luke",4.50,1.77,1.95,0.00,0.00,0.00,1.18,0.36,0.09,
"Fogarty, Darcy",4.32,2.41,1.91,1.09,0.55,0.05,0.95,0.86,0.73,
"McAdam, Shane",3.59,2.55,2.18,1.14,0.50,0.00,1.55,0.64,0.95,
"Frampton, Billy",2.91,2.27,1.50,0.09,0.50,1.09,0.36,0.18,0.32,
"Murray, Nick",3.18,1.32,0.91,0.05,0.05,0.05,0.82,0.59,0.45,
"Himmelberg, Elliott",1.91,1.14,1.32,0.36,0.27,0.64,0.36,0.45,0.32,
"Cook, Brayden",1.00,0.27,0.91,0.00,0.00,0.00,0.14,0.00,0.05,
"Davis, Ben",0.91,0.45,0.68,0.00,0.00,0.00,0.14,0.14,0.05,
"Hately, Jackson",0.82,0.32,0.77,0.00,0.09,0.00,0.55,0.05,0.05,
"Strachan, Kieran",0.59,0.32,0.73,0.00,0.09,2.68,0.14,0.00,0.27,
"Pedlar, Luke",0.64,0.18,0.23,0.00,0.00,0.00,0.05,0.05,0.05,
"OConnor, Ronin",0.14,0.09,0.64,0.00,0.00,0.00,0.36,0.00,0.09,
"Gollant, Lachlan",0.32,0.14,0.18,0.05,0.05,0.00,0.05,0.05,0.00,
"Hinge, Mitch",0.27,0.14,0.05,0.00,0.00,0.00,0.00,0.05,0.00,
"Worrell, Josh",0.09,0.00,0.05,0.00,0.00,0.00,0.09,0.00,0.00,
,206.59,79.91,147.09,10.45,8.95,34.05,56.55,21.14,20.41,
,,,,,,,,,,
,,,,,,,,,,
Player  ,KI  ,MK  ,HB  ,GL  ,BH  ,HO  ,TK  ,FF  ,FA  ,
"Lyons, Jarryd",395,119,279,10,7,,154,38,11,
"Rich, Daniel",514,137,110,3,10,,42,12,11,
"McCluggage, Hugh",407,123,193,15,22,,89,23,23,
"Zorko, Dayne",386,122,169,17,18,,140,31,40,
"Neale, Lachie",220,66,239,8,6,,70,35,17,
"Bailey, Zac",273,77,167,31,18,,68,20,45,
"Robinson, Mitch",297,98,133,7,7,,64,27,23,
"Birchall, Grant",307,159,118,2,,,23,3,9,
"Andrews, Harris",219,181,132,1,1,,29,16,25,
"Daniher, Joe",259,117,83,46,32,49,25,30,33,
"McCarthy, Lincoln",183,77,123,36,15,,80,27,28,
"McInerney, Oscar",156,53,145,6,5,672,51,39,29,
"Starcevich, Brandon",216,90,82,,,,41,15,26,
"Cameron, Charlie",199,95,62,55,33,,53,18,19,
"Adams, Marcus",166,92,71,,,,30,13,14,
"Robertson, Deven",110,53,100,4,2,,67,10,9,
"Ah Chee, Callum",103,35,96,7,,,58,5,18,
"Lester, Ryan",112,72,86,1,,,32,10,12,
"McStay, Daniel",120,88,71,28,10,8,58,19,9,
"Hipwood, Eric",118,79,51,26,20,,20,12,17,
"Mathieson, Rhys",84,36,85,2,2,,39,8,15,
"Coleman, Keidean",89,44,73,6,5,,32,16,11,
"Prior, Jaxon",116,45,44,6,4,,24,11,5,
"Berry, Jarrod",75,24,63,5,2,,34,14,15,
"Fullarton, Tom",52,22,73,3,1,42,21,5,5,
"Payne, Jack",73,49,46,,,,16,2,5,
"Gardiner, Darcy",61,34,38,,,,4,6,11,
"Madden, James",49,25,50,1,,,16,8,2,
"Cockatoo, Nakia",18,5,24,5,1,,22,4,4,
"Berry, Tom",14,6,23,2,1,,20,2,5,
"Sharp, Harry",12,3,3,,,,4,1,2,
"Ballenden, Connor",3,2,1,,,1,,1,2,
,5406,2228,3033,333,222,772,1426,481,500,
,,,,,,,,,,
,,,,,,,,,,
Player  ,KI  ,MK  ,HB  ,GL  ,BH  ,HO  ,TK  ,FF  ,FA  ,
"Walsh, Sam",298,127,358,12,6,,100,24,32,
"Curnow, Ed",318,106,178,10,3,,80,13,23,
"Cripps, Patrick",163,63,305,13,11,3,85,47,44,
"Saad, Adam",311,72,113,2,6,,39,15,10,
"Weitering, Jacob",301,167,60,,1,2,29,18,14,
"Docherty, Sam",252,107,88,,,,31,16,4,
"Newnes, Jack",188,93,124,4,9,,34,20,12,
"Newman, Nic",199,86,76,,1,,54,18,11,
"Williams, Zac",201,55,63,5,4,,26,11,14,
"Fogarty, Lachie",139,57,107,6,6,,62,16,11,
"Dow, Paddy",95,28,147,4,2,,39,9,13,
"Kennedy, Matthew",138,60,101,6,2,,54,11,10,
"Stocker, Liam",163,58,75,2,1,,37,15,10,
"Jones, Liam",178,105,41,,1,,19,24,16,
"Plowman, Lachie",160,85,59,1,,,20,14,13,
"Silvagni, Jack",130,70,70,9,13,17,38,14,12,
"Petrevski-Seton, Sam",134,56,64,1,3,,26,7,7,
"Murphy, Marc",115,47,76,8,4,,24,8,4,
"McKay, Harry",154,113,31,58,33,6,27,27,18,
"Betts, Eddie",121,42,59,27,16,,31,8,14,
"Cottrell, Matthew",118,37,47,3,2,,31,5,9,
"Fisher, Zac",85,23,74,4,8,,24,5,9,
"Gibbons, Michael",98,39,58,8,5,,27,6,6,
"Pittonet, Marc",67,26,80,5,5,379,28,17,24,
"Martin, Jack",94,61,46,8,6,,26,9,11,
"Setterfield, Will",74,35,50,1,6,,17,6,10,
"Williamson, Tom",83,43,41,2,3,,16,2,8,
"De Koning, Tom",81,40,42,7,4,219,27,16,15,
"Owies, Matthew",69,43,46,15,17,,38,10,7,
"Casboult, Levi",77,47,34,8,5,79,25,11,17,
"OBrien, Lochie",49,20,31,1,3,,9,4,1,
"McGovern, Mitch",42,24,14,6,4,,13,7,,
"Cuningham, David",26,9,28,3,2,,6,2,3,
"Curnow, Charlie",35,16,14,2,5,,6,1,7,
"Parks, Luke",30,12,15,,,,12,5,5,
"Honey, Josh",24,13,12,6,3,,6,2,1,
"Kemp, Brodie",14,8,5,,,,3,,1,
"McDonald, Oscar",8,3,1,2,1,,2,3,1,
"Durdin, Corey",4,2,4,1,,,4,1,,
,4836,2098,2837,250,201,705,1175,447,427,
,,,,,,,,,,
,,,,,,,,,,
Player  ,KI  ,MK  ,HB  ,GL  ,BH  ,HO  ,TK  ,FF  ,FA  ,
"Crisp, Jack",341,148,253,2,5,,80,16,29,
"Sidebottom, Steele",272,114,228,8,5,,62,14,24,
"Maynard, Brayden",335,121,126,1,,,57,16,26,
"de Goey, Jordan",251,108,169,23,23,,39,12,18,
"Pendlebury, Scott",197,67,220,4,4,,69,13,10,
"Noble, John",260,114,149,2,,,57,23,14,
"Mayne, Chris",225,128,179,,,,44,12,9,
"Adams, Taylor",195,46,187,2,2,,78,30,16,
"Grundy, Brodie",185,72,197,12,6,647,84,31,43,
"Quaynor, Isaac",221,95,140,1,2,,45,18,13,
"Daicos, Josh",173,48,149,9,9,,53,19,14,
"Hoskin-Elliott, Will",213,124,101,13,2,,45,6,14,
"Madgen, Jack",159,88,145,1,2,,19,10,6,
"Roughead, Jordan",190,137,87,,,9,35,12,14,
"Thomas, Josh",148,66,118,12,9,,51,19,7,
"Mihocek, Brody",178,123,50,34,34,,35,16,19,
"Moore, Darcy",153,107,68,4,1,,12,9,16,
"Cameron, Darcy",147,99,72,22,9,121,32,20,15,
"Elliott, Jamie",127,61,73,25,8,,32,10,15,
"Brown, Callum",66,41,107,3,6,,44,8,5,
"Poulter, Caleb",107,55,58,2,5,,22,9,6,
"Bianco, Trent",100,53,47,7,5,,21,5,4,
"Murphy, Nathan",88,50,56,1,3,,16,16,6,
"Howe, Jeremy",98,46,41,1,,,19,6,5,
"Macrae, Finlay",45,26,69,1,,,9,2,3,
"Ruscoe, Trey",73,27,33,2,,,15,3,7,
"Brown, Tyler",35,14,60,,,,11,1,4,
"Henry, Oliver",61,44,30,7,8,,9,4,1,
"Sier, Brayden",32,16,54,1,,,19,3,,
"McCreery, Beau",52,24,30,11,6,,43,3,13,
"Cox, Mason",41,26,25,8,8,23,7,11,5,
"Keane, Mark",31,23,25,,1,,1,,7,
"Wilson, Tom",25,7,23,,,,7,1,5,
"Ginnivan, Jack",38,18,7,6,3,,4,6,3,
"Rantall, Jay",10,10,19,,,,3,1,2,
"Greenwood, Levi",16,3,9,,,,7,,4,
"Lynch, Max",9,4,14,,,41,5,1,2,
"Kelly, Will",6,4,5,,,,,2,,
"Tohill, Anton",4,3,5,,,,,1,1,
,4907,2360,3428,225,166,841,1191,389,405,
,,,,,,,,,,
,,,,,,,,,,
Player  ,KI  ,MK  ,HB  ,GL  ,BH  ,HO  ,TK  ,FF  ,FA  ,
"Merrett, Zach",361,97,364,4,7,,112,41,26,
"Parish, Darcy",341,96,360,10,8,,90,13,10,
"Hind, Nick",365,114,127,4,2,,45,19,19,
"Heppell, Dyson",276,132,194,2,1,,47,15,12,
"Ridley, Jordan",340,131,124,,,,29,16,13,
"Redman, Mason",245,101,142,6,2,,44,11,17,
"Langford, Kyle",202,98,152,13,3,2,57,11,18,
"Snelling, Will",155,74,199,12,7,,99,21,9,
"McGrath, Andrew",171,43,167,2,4,,66,17,11,
"Laverde, Jayden",202,134,116,1,,,35,17,25,
"Stringer, Jake",210,55,102,41,18,,76,30,23,
"Smith, Devon",155,68,128,16,19,,78,11,23,
"Cox, Nik",152,81,107,9,9,12,47,16,23,
"Wright, Peter",146,90,100,29,14,208,37,31,23,
"Perkins, Archie",116,58,122,9,14,,42,13,13,
"Guelfi, Matt",124,74,112,6,4,,54,11,19,
"Ham, Brayden",118,57,109,5,10,,30,5,9,
"Stewart, James",136,89,77,,,,19,7,22,
"Hooker, Cale",106,65,100,33,24,10,27,12,18,
"McDonald-Tipungwuti, Anthony",129,49,72,34,14,,56,16,18,
"Cutler, Tom",113,51,65,1,4,,16,5,2,
"Francis, Aaron",99,70,70,2,6,1,17,15,12,
"Shiel, Dylan",74,16,81,3,4,,24,3,8,
"Waterman, Alec",82,43,60,17,8,,28,8,6,
"Draper, Sam",85,31,46,2,5,316,23,16,24,
"Jones, Harry",77,57,40,20,6,4,21,7,6,
"Durham, Sam",47,31,52,1,2,,9,4,1,
"Zaharakis, David",51,21,30,2,2,,16,,4,
"Phillips, Andrew",32,24,30,4,1,123,23,8,8,
"Clarke, Dylan",25,17,36,2,,,9,4,5,
"Gleeson, Martin",33,21,27,,,,11,2,2,
"Zerk-Thatcher, Brandon",36,22,24,,,1,11,3,6,
"Caldwell, Jye",27,8,19,,1,,16,6,,
"Cahill, Ned",9,3,13,1,,,3,,2,
"Bryan, Nick",5,3,7,,,18,3,1,1,
"Reid, Zach",5,1,5,,,,5,3,,
"Ambrose, Patrick",1,,4,,1,,2,1,,
,4851,2125,3583,291,200,695,1327,419,438,
,,,,,,,,,,
,,,,,,,,,,
Player  ,KI  ,MK  ,HB  ,GL  ,BH  ,HO  ,TK  ,FF  ,FA  ,
"Brayshaw, Andrew",265,101,303,8,5,,93,25,23,
"Mundy, David",248,68,305,15,7,,87,18,21,
"Serong, Caleb",279,64,224,8,10,,72,23,12,
"Cerra, Adam",250,93,165,5,10,,47,21,12,
"Aish, James",236,92,178,1,8,,49,13,13,
"Ryan, Luke",332,136,82,,,,34,14,19,
"Fyfe, Nat",154,58,207,6,21,,61,18,36,
"Darcy, Sean",156,90,193,12,12,599,64,22,38,
"Acres, Blake",184,67,138,2,,10,45,12,18,
"Wilson, Nathan",233,74,71,,4,,18,12,13,
"Colyer, Travis",195,75,83,15,19,,44,6,9,
"Tucker, Darcy",152,64,120,,2,,29,10,12,
"Walters, Michael",147,63,76,14,11,,33,21,14,
"Schultz, Lachie",148,80,72,22,17,,54,20,18,
"Logue, Griffin",113,76,71,,,,22,13,12,
"Taberner, Matthew",135,89,42,37,17,,10,16,17,
"Lobb, Rory",108,73,60,20,19,54,15,13,5,
"Crowden, Mitch",70,34,97,5,7,,29,8,4,
"Henry, Liam",106,37,47,10,9,,18,13,10,
"Switkowski, Sam",79,36,67,9,9,,32,7,4,
"Cox, Brennan",87,56,55,,,1,11,4,12,
"Hughes, Ethan",75,29,64,,1,,12,6,5,
"Conca, Reece",68,35,67,,,,18,5,10,
"Young, Hayden",85,45,42,,,,19,7,3,
"Watson, Tobe",73,51,51,1,,,12,5,4,
"Blakely, Connor",50,30,66,1,2,,11,8,5,
"Treacy, Josh",70,51,45,13,10,7,31,11,14,
"Walker, Brandon",72,36,32,,3,,17,1,4,
"Pearce, Alex",56,27,40,,1,1,10,12,5,
"Duman, Taylin",49,28,42,,,,12,1,3,
"Chapman, Heath",50,27,35,1,,,10,3,6,
"Meek, Lloyd",21,12,58,1,2,129,14,7,14,
"Bewley, Brett",43,16,32,2,,,12,5,3,
"Frederick, Michael",52,35,16,5,11,,7,5,1,
"Banfield, Bailey",29,12,27,4,2,,14,3,6,
"Giro, Stefan",31,13,12,1,,,3,2,1,
"Western, Joel",14,5,11,,,,6,1,1,
"Hamling, Joel",3,,7,,,2,1,3,,
"Sturt, Sam",3,2,2,1,1,,,,,
,4521,1980,3305,219,220,803,1076,394,407,
,,,,,,,,,,
,,,,,,,,,,
Player  ,KI  ,MK  ,HB  ,GL  ,BH  ,HO  ,TK  ,FF  ,FA  ,
"Guthrie, Cameron",342,129,325,4,8,,92,19,16,
"Selwood, Joel",278,77,274,6,4,,113,54,28,
"Smith, Isaac",383,166,167,15,9,,38,8,10,
"Menegola, Sam",324,125,209,12,12,,52,11,24,
"Tuohy, Zach",326,112,155,11,8,,26,9,17,
"Stewart, Tom",378,178,102,,3,,21,16,13,
"Parfitt, Brandan",225,32,207,8,7,,128,35,29,
"Atkins, Tom",207,84,169,,1,,75,9,27,
"Dangerfield, Patrick",212,71,159,8,7,,53,28,22,
"Bews, Jed",219,116,125,3,2,,50,17,15,
"Hawkins, Tom",215,129,127,62,37,92,50,14,35,
"Henry, Jack",217,150,119,7,2,10,43,17,8,
"Higgins, Shaun",157,80,177,4,12,,49,11,13,
"Blicavs, Mark",164,94,166,5,,283,67,32,23,
"Henderson, Lachie",230,146,92,3,2,,26,20,19,
"Duncan, Mitch",200,98,115,8,2,,33,16,5,
"Close, Brad",132,61,159,15,10,,72,25,8,
"Stanley, Rhys",152,74,129,8,5,391,33,26,21,
"Kolodjashnij, Jake",165,120,104,1,,,27,7,15,
"Dahlhaus, Luke",103,41,150,7,15,,79,18,19,
"Miers, Gryan",130,58,102,12,7,,23,12,4,
"Narkle, Quinton",86,37,129,4,4,,25,3,6,
"Rohan, Gary",147,75,67,32,18,,41,22,14,
"OConnor, Mark",111,48,95,1,,,40,11,13,
"Cameron, Jeremy",118,57,57,39,16,,16,17,13,
"Guthrie, Zach",120,51,40,,1,,32,7,4,
"Holmes, Max",54,24,64,1,7,,32,3,4,
"Ratugolea, Esava",63,32,52,11,5,93,30,18,13,
"Clark, Jordan",61,26,52,3,2,,22,2,7,
"Simpson, Sam",28,13,25,2,2,,8,4,3,
"Constable, Charlie",21,13,16,1,,,3,1,1,
"Kreuger, Nathan",11,7,4,,,,8,2,2,
"De Koning, Sam",7,3,1,,2,1,,,2,
"Evans, Francis",8,4,,2,1,,1,,,
"Jenkins, Josh",5,2,3,,2,3,2,1,2,
,5599,2533,3937,295,213,873,1410,495,455,
,,,,,,,,,,
,,,,,,,,,,
Player  ,KI  ,MK  ,HB  ,GL  ,BH  ,HO  ,TK  ,FF  ,FA  ,
"Miller, Touk",334,95,334,8,8,1,149,35,26,
"Swallow, David",258,106,202,6,7,,99,16,24,
"Anderson, Noah",264,83,189,,6,,60,11,19,
"Lukosius, Jack",382,172,60,3,11,,32,13,20,
"Ellis, Brandon",273,130,150,5,2,,47,11,17,
"Bowes, Jack",307,97,97,1,2,,38,10,15,
"Powell, Wil",259,115,132,1,1,,54,21,14,
"Ballard, Charlie",227,140,61,,,,25,20,16,
"Markov, Oleg",193,107,90,1,4,,38,6,5,
"Lemmens, Sean",196,76,72,,,,44,12,31,
"Greenwood, Hugh",153,25,110,6,6,8,130,16,7,
"Ainsworth, Ben",187,90,74,12,18,,35,14,14,
"Weller, Lachie",137,71,104,7,3,,44,5,8,
"Fiorini, Brayden",133,52,101,2,2,,47,7,6,
"Collins, Sam",152,119,78,,,,32,18,20,
"Sexton, Alex",167,87,50,21,14,,23,14,7,
"Rankine, Izak",120,51,92,16,11,,46,16,28,
"Holman, Nick",111,67,94,10,5,,72,15,15,
"Flanders, Sam",96,46,93,4,5,,62,22,8,
"King, Ben",126,90,54,47,25,4,17,18,11,
"Burgess, Chris",112,67,62,10,10,177,42,16,12,
"Rowell, Matt",66,22,103,2,,,49,24,13,
"Sharp, Jeremy",113,53,52,2,3,,7,6,4,
"Macpherson, Darcy",98,48,60,1,6,,43,9,10,
"Farrar, Jy",90,56,55,,,,14,1,5,
"Corbett, Josh",101,78,41,23,11,4,12,13,12,
"Atkins, Rory",47,16,41,2,2,,9,,3,
"Graham, Caleb",52,42,33,,1,82,8,3,10,
"Smith, Zac",27,10,54,3,,191,23,14,15,
"Brodie, Will",25,7,39,,1,,8,3,3,
"Harbrow, Jarrod",50,27,10,,1,,7,2,3,
"Day, Sam",26,23,27,3,4,23,17,4,5,
"Witts, Jarrod",24,9,17,,1,87,8,6,1,
"Budarick, Connor",19,11,9,,,,4,1,3,
"Jeffrey, Joel",19,6,6,2,4,,4,1,2,
"Townsend, Jacob",15,8,9,3,,3,5,2,6,
"Rosas, Malcolm",14,5,5,,4,,6,1,2,
"Davies, Alex",5,2,11,,2,,6,,2,
,4978,2309,2871,201,180,580,1366,406,422,
,,,,,,,,,,
,,,,,,,,,,
Player  ,KI  ,MK  ,HB  ,GL  ,BH  ,HO  ,TK  ,FF  ,FA  ,
"Taranto, Tim",372,118,265,13,13,,128,26,23,
"Hopper, Jacob",311,72,296,10,7,,88,29,39,
"Kelly, Josh",333,82,268,16,15,,128,23,17,
"Ward, Callan",278,90,267,15,5,5,71,34,24,
"Cumming, Isaac",372,131,153,1,4,,56,12,18,
"Whitfield, Lachie",283,107,142,3,1,,41,15,11,
"Perryman, Harry",268,92,132,4,5,,39,12,6,
"Ash, Lachie",265,111,127,1,1,,63,6,10,
"Haynes, Nick",253,156,120,1,1,,17,14,13,
"Green, Tom",139,55,221,7,6,1,53,19,15,
"Greene, Toby",232,78,77,45,41,2,39,33,29,
"Himmelberg, Harry",194,108,107,36,19,5,46,22,21,
"Idun, Connor",173,124,114,,,,41,15,11,
"Taylor, Sam",164,116,109,,,,39,22,8,
"Lloyd, Daniel",140,68,63,20,8,,45,8,19,
"OHalloran, Xavier",124,42,56,5,3,,22,10,8,
"Daniels, Brent",91,22,86,2,4,,35,12,4,
"Buckley, Jack",112,68,57,,2,1,34,7,17,
"de Boer, Matt",66,34,94,2,2,,40,5,7,
"Hill, Bobby",113,33,41,14,12,,48,10,4,
"Flynn, Matt",55,46,87,5,2,222,30,16,9,
"Mumford, Shane",44,19,98,4,,364,68,27,26,
"Finlayson, Jeremy",106,40,35,23,9,24,15,14,11,
"Kennedy, Adam",72,35,59,1,1,,20,5,5,
"Reid, Sam",64,25,58,4,4,,35,7,15,
"Hogan, Jesse",74,57,41,20,9,,11,6,7,
"Davis, Phil",64,47,47,,,,16,10,14,
"Coniglio, Stephen",61,14,42,1,4,,27,7,3,
"Bruhn, Tanner",56,16,45,4,4,,33,8,5,
"Sproule, Zach",55,27,31,11,5,14,26,9,15,
"Riccardi, Jake",44,24,37,2,1,2,3,2,1,
"Keeffe, Lachlan",57,37,22,1,,19,16,4,5,
"Buntine, Matt",55,21,23,1,1,,17,6,9,
"Briggs, Kieren",23,9,26,2,,85,22,8,6,
"Peatling, James",27,15,15,,,,6,4,4,
"Stein, Jake",29,20,11,,,,7,2,6,
"Stone, Conor",21,8,14,3,1,,7,1,,
"Shipley, Nick",8,6,6,,,,2,,1,
"Brown, Callum",4,2,2,2,,,1,,1,
,5202,2175,3494,279,190,744,1435,470,447,
,,,,,,,,,,
,,,,,,,,,,
Player  ,KI  ,MK  ,HB  ,GL  ,BH  ,HO  ,TK  ,FF  ,FA  ,
"Mitchell, Tom",321,98,433,8,5,,105,24,29,
"OMeara, Jaeger",232,74,241,5,9,,91,16,31,
"Shiels, Liam",244,93,200,5,4,,99,16,31,
"Worpel, James",232,54,194,10,8,,82,15,27,
"Hardwick, Blake",312,108,106,,2,,41,22,10,
"Scrimshaw, Jack",249,127,163,4,2,,29,8,3,
"Phillips, Tom",241,93,165,13,5,,47,23,6,
"Howe, Daniel",249,109,124,8,5,,40,18,17,
"Wingard, Chad",199,58,158,12,11,,61,19,8,
"Frost, Sam",194,112,139,,,3,44,7,31,
"Jiath, Changkuoth",172,93,152,,2,,26,18,22,
"Moore, Dylan",160,76,147,27,11,,58,27,9,
"Impey, Jarman",181,70,107,2,,,33,16,4,
"McEvoy, Ben",135,111,140,12,8,370,78,28,14,
"Breust, Luke",121,47,117,33,11,,62,12,13,
"Morrison, Harry",124,67,107,7,2,,34,7,14,
"OBrien, Tim",147,90,72,12,5,12,32,18,16,
"Burgoyne, Shaun",133,46,84,1,1,,31,5,5,
"Hartigan, Kyle",106,66,95,,,2,16,15,28,
"Cousins, James",101,27,86,2,5,,37,8,6,
"Bramble, Lachlan",119,44,64,1,3,,20,7,3,
"Ceglar, Jonathon",67,53,113,2,2,249,26,10,16,
"Koschitzke, Jacob",98,77,65,27,19,1,37,13,7,
"Lewis, Mitch",91,67,51,22,9,29,28,13,10,
"Hanrahan, Oliver",71,31,70,8,6,,13,7,4,
"Nash, Conor",51,26,59,2,1,,23,3,10,
"Day, Will",55,25,44,,,,8,5,7,
"Brockman, Tyler",52,27,46,10,4,,23,2,6,
"Greaves, Damon",48,16,26,1,,,12,6,2,
"Newcombe, Jai",32,17,30,1,1,,39,4,8,
"Hartley, Michael",39,14,17,1,1,,5,1,3,
"Reeves, Ned",19,8,29,1,,131,20,5,5,
"Grainger-Barras, Denver",25,17,12,,,,11,3,2,
"Jeka, Emerson",13,7,13,2,2,,4,1,,
"Maginness, Finn",5,1,10,,,,5,1,1,
"Downie, Connor",6,2,6,,,,,,,
"Gunston, Jack",6,1,1,,,,2,,,
"Morris, Josh",4,1,2,,1,,5,3,,
,4654,2053,3688,239,145,797,1327,406,408,
,,,,,,,,,,
,,,,,,,,,,
Player  ,KI  ,MK  ,HB  ,GL  ,BH  ,HO  ,TK  ,FF  ,FA  ,
"Oliver, Clayton",358,89,431,11,18,,136,43,46,
"Petracca, Christian",409,126,321,29,19,,103,23,29,
"Salem, Christian",405,145,203,3,2,,58,14,18,
"Langdon, Ed",315,130,209,13,9,,45,15,8,
"Gawn, Max",316,131,147,16,17,804,71,33,34,
"Brayshaw, Angus",274,105,186,3,7,,61,12,19,
"Neal-Bullen, Alex",255,80,153,15,11,,111,30,19,
"May, Steven",339,125,61,,2,,24,14,17,
"Lever, Jake",242,136,147,,1,,44,23,23,
"Rivers, Trent",241,101,137,1,1,,39,7,14,
"Harmes, James",152,52,222,7,10,,94,20,24,
"Jordon, James",178,64,185,6,6,,97,18,9,
"Viney, Jack",162,37,173,4,7,,106,30,18,
"McDonald, Tom",217,122,105,33,22,30,51,22,26,
"Jackson, Luke",107,72,201,16,9,255,48,24,11,
"Pickett, Kysaiah",193,59,103,40,28,,87,20,21,
"Spargo, Charlie",195,84,92,18,16,,59,26,16,
"Hunt, Jayden",179,64,95,2,3,,49,16,19,
"Fritsch, Bayley",190,116,54,59,24,,47,18,21,
"Hibberd, Michael",127,58,100,,,,35,16,10,
"Sparrow, Tom",102,40,84,7,4,,57,13,15,
"Petty, Harry",107,68,54,,,,31,11,17,
"Brown, Ben",102,69,24,25,13,13,20,11,6,
"Bowey, Jake",61,23,58,,,,5,1,7,
"Melksham, Jake",58,25,49,8,4,,18,3,10,
"Jones, Nathan",50,23,45,2,3,,12,3,4,
"Tomlinson, Adam",61,38,23,,,,9,2,6,
"Jetta, Neville",20,13,20,,,,7,4,2,
"Weideman, Sam",19,16,21,3,4,1,9,3,1,
"Vandenberg, Aaron",18,3,9,,,,8,,4,
"Smith, Joel",11,9,9,,,,4,1,2,
"Baker, Oskar",12,5,3,,,,4,,,
"Brown, Mitch",8,6,2,2,2,,3,1,1,
"Chandler, Kade",1,,3,,,,2,,2,
,5484,2234,3729,323,242,1103,1554,477,479,
,,,,,,,,,,
,,,,,,,,,,
Player  ,KI  ,MK  ,HB  ,GL  ,BH  ,HO  ,TK  ,FF  ,FA  ,
"Simpkin, Jy",325,96,267,2,5,,84,34,28,
"Hall, Aaron",423,150,135,2,6,,45,8,4,
"Ziebell, Jack",426,155,104,2,,,40,17,14,
"Davies-Uniacke, Luke",229,97,211,6,12,,64,11,27,
"Cunnington, Ben",203,62,199,9,8,,74,30,31,
"Thomas, Tarryn",233,96,149,24,17,,72,29,19,
"Stephenson, Jaidyn",249,109,119,17,19,,48,16,10,
"Atley, Shaun",190,107,154,1,1,,26,14,7,
"Goldstein, Todd",160,80,154,12,4,655,42,35,25,
"Turner, Kayne",134,69,126,2,4,,59,35,15,
"Walker, Josh",153,114,103,3,1,15,22,10,9,
"Dumont, Trent",168,75,82,,,,26,5,6,
"Taylor, Curtis",154,79,96,7,5,,40,13,13,
"Zurhaar, Cameron",163,75,72,31,23,,58,19,27,
"Mahony, Jack",116,53,104,9,4,,61,14,13,
"Powell, Tom",107,47,110,4,2,,48,7,7,
"Scott, Bailey",111,52,106,8,5,,32,5,7,
"Larkey, Nick",123,84,87,42,15,30,27,32,12,
"McKay, Ben",99,95,111,,,,31,14,17,
"McDonald, Luke",114,57,75,,2,,28,2,10,
"Young, Lachie",108,58,60,,2,,23,13,16,
"Phillips, Will",71,31,81,3,4,,33,7,5,
"Tarrant, Robbie",104,67,41,,,,10,7,14,
"Anderson, Jed",65,22,67,4,1,,40,5,9,
"Bonar, Aiden",72,36,35,,,,16,4,8,
"Menadue, Connor",54,36,49,,,,9,6,2,
"Campbell, Tom",49,35,51,6,1,97,14,7,14,
"Lazzaro, Charlie",55,26,41,3,3,,21,6,3,
"Bosenavulagi, Atu",46,28,35,1,,,13,4,5,
"Polec, Jared",48,17,15,,2,,10,3,5,
"Xerri, Tristan",26,14,34,1,2,59,17,4,16,
"Garner, Taylor",36,21,18,7,1,,7,5,3,
"Ford, Eddie",24,21,14,3,3,,4,4,1,
"Corr, Aidan",19,9,13,,1,,5,1,1,
"Tyson, Dom",13,11,13,,,,3,1,2,
"Hayden, Kyron",14,8,7,,,,6,4,5,
"Spicer, Phoenix",3,1,4,,1,,,,,
"Comben, Charlie",3,2,3,1,,,1,,1,
,4690,2195,3145,210,154,856,1159,431,411,
,,,,,,,,,,
,,,,,,,,,,
Player  ,KI  ,MK  ,HB  ,GL  ,BH  ,HO  ,TK  ,FF  ,FA  ,
"Wines, Ollie",362,100,415,10,15,,105,33,19,
"Boak, Travis",305,67,335,8,18,,110,37,25,
"Amon, Karl",370,141,196,11,17,,98,16,23,
"Houston, Dan",313,110,168,7,6,,56,10,15,
"Byrne-Jones, Darcy",301,104,179,,2,,66,26,12,
"Burton, Ryan",320,133,113,,1,,61,14,23,
"Drew, Willem",177,52,247,4,4,,164,21,30,
"Aliir, Aliir",268,156,100,,1,5,37,25,20,
"Jonas, Tom",260,133,94,,,,37,21,19,
"Rozee, Connor",176,71,159,21,13,,60,25,14,
"Bergman, Miles",199,101,126,7,7,,42,16,5,
"Gray, Robbie",157,67,161,20,8,,48,16,14,
"Motlop, Steven",169,81,128,13,8,,47,13,11,
"Dixon, Charlie",178,97,117,48,24,104,50,39,27,
"Lycett, Scott",140,56,154,6,6,520,77,27,38,
"Bonner, Riley",206,67,73,2,1,,16,5,9,
"Ladhams, Peter",129,58,102,13,5,228,40,24,20,
"Butters, Zak",111,50,114,8,2,,42,12,12,
"Powell-Pepper, Sam",115,39,104,10,8,,61,13,18,
"Marshall, Todd",159,85,55,24,12,5,27,18,8,
"McKenzie, Trent",183,84,30,1,,,24,6,7,
"Georgiades, Mitch",134,93,76,32,17,,37,14,31,
"Duursma, Xavier",111,52,96,3,3,,29,13,9,
"Fantasia, Orazio",126,48,52,28,23,,30,10,6,
"Hartlett, Hamish",85,33,66,2,2,,22,8,11,
"Clurey, Tom",103,61,37,,,,12,5,8,
"Farrell, Kane",67,23,55,4,3,,24,1,11,
"Lienert, Jarrod",62,21,22,1,,,8,3,3,
"Jones, Lachie",44,22,37,1,,,9,4,5,
"Frederick, Martin",33,17,42,1,,,10,5,5,
"Woodcock, Boyd",40,25,33,4,3,,14,4,8,
"Mayes, Sam",35,17,35,5,3,,20,2,2,
"Rockliff, Tom",3,,8,,1,,,1,,
"Williams, Dylan",6,1,1,,,,3,,1,
"McEntee, Jed",,,1,,,,,,,
,5447,2265,3731,294,213,862,1486,487,469,
,,,,,,,,,,
,,,,,,,,,,
Player  ,KI  ,MK  ,HB  ,GL  ,BH  ,HO  ,TK  ,FF  ,FA  ,
"Short, Jayden",411,134,131,1,2,,39,17,8,
"Baker, Liam",238,88,208,7,8,,61,12,33,
"Graham, Jack",220,56,198,11,7,,122,21,27,
"Bolton, Shai",208,82,185,23,20,,55,13,26,
"Martin, Dustin",200,46,161,19,7,,36,9,12,
"Cotchin, Trent",206,53,147,2,,,57,17,13,
"Edwards, Shane",149,47,145,8,3,,36,6,13,
"Grimes, Dylan",159,118,127,,,,47,23,20,
"Pickett, Marlion",119,63,163,2,4,16,62,11,34,
"Houli, Bachar",159,77,116,1,,,40,8,5,
"Lambert, Kane",137,54,131,6,4,,40,8,13,
"Nankervis, Toby",114,49,153,1,5,360,57,22,28,
"McIntosh, Kamdyn",182,69,81,1,4,,41,13,19,
"Rioli, Daniel",120,54,127,9,6,,46,20,11,
"Castagna, Jason",120,85,126,17,13,,41,13,3,
"Riewoldt, Jack",187,107,53,51,29,,38,12,24,
"Astbury, David",136,93,97,,,15,23,14,11,
"Broad, Nathan",159,89,70,,,,17,7,5,
"Aarts, Jake",122,53,100,18,12,,53,20,27,
"Vlastuin, Nick",155,82,63,,1,,27,9,14,
"Prestia, Dion",93,29,107,1,3,,37,17,8,
"Lynch, Tom",130,87,69,35,33,24,28,17,24,
"Balta, Noah",129,65,54,2,1,14,18,7,10,
"Ross, Jack",77,43,82,2,,,22,5,5,
"Mansell, Rhyan",91,35,53,1,,,29,13,14,
"Collier-Dawkins, Riley",58,21,74,3,,,32,5,9,
"Stack, Sydney",60,36,57,2,1,,17,5,5,
"Caddy, Josh",68,36,45,2,5,,11,4,3,
"Chol, Mabior",59,31,41,7,4,123,25,8,8,
"Coleman-Jones, Callum",38,30,46,11,4,61,13,7,8,
"Parker, Matthew",47,18,32,3,3,,29,1,6,
"Dow, Thomson",29,16,37,,2,,5,1,2,
"Garthwaite, Ryan",25,11,25,,,,9,4,2,
"Naish, Patrick",27,9,22,2,,,10,3,1,
"Ralphsmith, Hugo",27,7,22,3,2,,5,1,2,
"Martyn, Will",14,6,12,,,,3,,4,
"Eggmolesse-Smith, Derek",6,1,3,,,,2,1,2,
"Rioli, Maurice",7,1,2,2,,,4,1,1,
"Miller, Ben",4,2,2,,,,,1,,
"Ryan, Samson",,,,,,1,,,1,
,4490,1983,3367,253,183,614,1237,376,461,
,,,,,,,,,,
,,,,,,,,,,
Player  ,KI  ,MK  ,HB  ,GL  ,BH  ,HO  ,TK  ,FF  ,FA  ,
"Steele, Jack",311,103,331,13,8,,185,43,32,
"Crouch, Brad",248,56,279,7,5,,109,23,24,
"Sinclair, Jack",281,102,162,3,2,,48,9,10,
"Hill, Bradley",279,86,155,3,1,,50,6,21,
"Ross, Sebastian",225,91,195,5,8,,61,12,12,
"Billings, Jack",218,113,143,14,14,,35,14,10,
"Wilkie, Callum",248,126,85,,1,,39,17,25,
"Howard, Dougal",256,102,68,,1,1,25,14,15,
"Webster, Jimmy",205,93,117,1,,,29,12,9,
"Membrey, Tim",227,151,85,34,26,12,22,18,10,
"Jones, Zak",163,49,141,4,2,,57,17,13,
"Dunstan, Luke",169,51,134,1,4,,59,18,19,
"Higgins, Jack",161,79,131,27,16,,42,20,12,
"Clark, Hunter",154,53,95,2,1,,40,8,16,
"Butler, Dan",170,43,78,18,17,,82,18,20,
"Byrnes, Ryan",131,76,116,6,1,,29,9,1,
"Coffield, Nick",159,89,69,1,1,,25,18,10,
"Marshall, Rowan",137,63,66,9,5,241,39,18,13,
"King, Max",126,90,67,38,30,11,16,18,14,
"Battle, Josh",113,61,73,3,7,2,46,13,11,
"McKenzie, Daniel",105,56,75,5,,,20,6,12,
"Highmore, Tom",97,66,75,,,,31,10,13,
"Bytel, Jack",70,18,79,2,1,,55,8,8,
"Long, Ben",94,52,49,2,9,,35,10,16,
"Ryder, Paddy",82,37,36,5,1,362,30,9,17,
"Lonie, Jack",68,23,40,4,6,,22,11,1,
"Kent, Dean",56,35,40,5,6,,22,3,7,
"Wood, Mason",51,30,41,7,2,,24,3,7,
"Connolly, Leo",56,22,27,1,1,,4,1,3,
"Gresham, Jade",42,12,21,1,,,6,,5,
"Hunter, Paul",18,5,29,2,,113,28,5,13,
"Joyce, Darragh",36,13,11,,,4,4,2,4,
"Sharman, Cooper",27,19,17,10,4,4,8,,1,
"Geary, Jarryn",22,15,18,1,1,,7,,4,
"Hannebery, Dan",18,4,22,,,,3,1,2,
"Carlisle, Jake",20,11,18,1,2,47,9,3,7,
"Clavarino, Oscar",20,14,16,,,1,8,2,6,
"McKernan, Shaun",24,8,12,2,1,44,7,2,9,
"Frawley, James",13,10,10,,,,2,,1,
,4900,2127,3226,237,184,842,1363,401,433,
,,,,,,,,,,
,,,,,,,,,,
Player  ,KI  ,MK  ,HB  ,GL  ,BH  ,HO  ,TK  ,FF  ,FA  ,
"Parker, Luke",298,87,343,15,8,,106,39,35,
"Lloyd, Jake",404,124,210,1,1,,40,14,18,
"Dawson, Jordan",354,126,159,9,7,,68,22,23,
"Kennedy, Josh",220,76,285,4,6,,100,19,13,
"Mills, Callum",256,107,239,6,1,,95,22,11,
"Florent, Oliver",273,93,163,9,6,,50,18,19,
"McInerney, Justin",229,113,150,7,2,1,23,21,19,
"Hewett, George",160,74,216,,,,71,12,15,
"Rampe, Dane",248,123,113,,1,,34,14,24,
"Hickey, Tom",193,60,154,10,7,506,45,25,38,
"Cunningham, Harry",229,108,113,,,,55,13,14,
"Heeney, Isaac",222,119,111,36,21,1,41,22,16,
"Papley, Tom",230,89,83,43,27,,34,21,22,
"McCartin, Tom",196,111,101,,,,23,17,16,
"Gulden, Errol",195,82,87,14,11,,52,24,14,
"Rowbottom, James",152,35,110,6,3,,105,12,14,
"Wicks, Sam",143,65,102,17,18,,89,17,24,
"Warner, Chad",135,31,81,8,5,,48,6,17,
"Blakey, Nick",138,65,75,3,6,12,28,7,6,
"Franklin, Lance",157,81,56,51,24,,46,24,34,
"Hayward, Will",134,81,74,28,15,,60,15,18,
"Fox, Robbie",95,40,87,,,1,28,5,7,
"Campbell, Braeden",71,26,41,1,2,,11,4,3,
"Reid, Sam",62,45,47,6,6,78,28,14,6,
"McLean, Hayden",67,53,35,11,6,30,23,5,5,
"Melican, Lewis",53,30,23,,,,5,5,3,
"Bell, James",38,24,37,2,2,,25,7,5,
"McDonald, Logan",38,22,21,9,5,,6,8,3,
"Stephens, Dylan",30,20,29,1,1,,8,1,8,
"Amartey, Joel",38,16,17,5,3,49,23,4,7,
"ORiordan, Colin",30,13,15,,,,6,3,,
"Sinclair, Callum",19,10,21,1,,99,11,6,3,
"Brand, Kaiden",22,10,16,,,,6,4,2,
"Clarke, Ryan",6,3,1,,,,1,,1,
"Taylor, Lewis",6,4,,,1,,1,,1,
"Ronke, Ben",2,1,3,,,,,,,
"Ling, Matt",,,,,,,,,,
,5143,2167,3418,303,195,777,1395,450,464,
,,,,,,,,,,
,,,,,,,,,,
Player  ,KI  ,MK  ,HB  ,GL  ,BH  ,HO  ,TK  ,FF  ,FA  ,
"Sheed, Dom",320,108,259,9,6,,51,27,26,
"Gaff, Andrew",343,140,234,3,1,,35,16,16,
"Kelly, Tim",245,62,209,6,8,,64,13,17,
"Redden, Jack",208,104,235,3,1,,71,20,13,
"Sheppard, Brad",220,129,127,,,,32,12,5,
"Naitanui, Nic",154,34,181,3,7,687,65,30,17,
"Hurn, Shannon",260,103,67,,,,24,9,5,
"Cripps, Jamie",205,82,109,26,26,,86,17,20,
"Rotham, Josh",232,161,73,,1,,18,13,17,
"Cole, Tom",203,105,98,,,,44,14,24,
"Darling, Jack",176,123,91,42,19,16,53,29,25,
"Duggan, Liam",188,94,77,,,,30,4,9,
"Yeo, Elliot",150,27,114,3,7,,63,20,20,
"McGovern, Jeremy",196,111,50,,,9,15,17,9,
"Nelson, Jackson",176,76,57,,1,,26,4,7,
"Barrass, Tom",168,117,53,,,1,10,14,6,
"Allen, Oscar",154,99,58,28,16,31,39,20,19,
"Witherden, Alex",166,59,34,1,,,18,4,12,
"Langdon, Zac",81,55,101,6,7,,35,6,14,
"Kennedy, Josh",131,89,47,41,21,2,21,14,16,
"Petruccelle, Jack",108,59,69,16,8,,27,5,13,
"Waterman, Jake",129,89,44,13,8,,27,12,7,
"Brander, Jarrod",108,53,60,5,6,,11,5,3,
"Shuey, Luke",104,23,56,,1,,30,18,7,
"Ryan, Liam",116,55,28,24,10,,21,11,9,
"Edwards, Harry",75,53,28,,,,20,6,6,
"Jones, Jamaine",64,21,37,11,3,,47,11,6,
"Edwards, Luke",57,26,43,,1,,10,5,4,
"ONeill, Xavier",47,16,37,1,1,,15,4,2,
"Foley, Luke",53,23,21,1,,,7,,3,
"Ah Chee, Brendon",29,12,39,5,2,,14,1,2,
"West, Connor",35,16,28,1,4,,13,4,7,
"Hutchings, Mark",23,9,15,,,,8,1,,
"Vardy, Nathan",18,13,20,5,,92,11,5,8,
"Williams, Bailey",23,15,12,3,3,50,8,1,7,
"Winder, Isiah",2,1,3,1,,,1,1,,
"Ainsworth, Brayden",,1,4,,,,,,,
,4967,2363,2818,257,168,888,1070,393,381,
,,,,,,,,,,
,,,,,,,,,,
Player  ,KI  ,MK  ,HB  ,GL  ,BH  ,HO  ,TK  ,FF  ,FA  ,
"Macrae, Jack",435,102,445,6,4,1,128,44,26,
"Bontempelli, Marcus",396,104,299,31,19,8,127,41,37,
"Daniel, Caleb",364,100,267,7,1,,58,18,12,
"Dale, Bailey",447,100,176,9,,,26,10,12,
"Smith, Bailey",354,97,259,17,13,,87,21,19,
"Liberatore, Tom",285,65,313,14,12,,135,35,26,
"Hunter, Lachie",326,125,220,10,7,,60,34,9,
"Duryea, Taylor",281,132,156,1,,,48,22,15,
"Treloar, Adam",186,50,209,13,9,,73,11,16,
"Williams, Bailey",247,104,136,1,2,,53,10,12,
"Dunkley, Josh",129,56,220,5,8,,78,15,7,
"English, Tim",164,103,126,19,15,341,63,28,24,
"Naughton, Aaron",186,153,94,47,40,2,39,21,16,
"Keath, Alex",161,110,117,,1,13,43,20,18,
"Johannisen, Jason",152,67,99,15,12,,41,9,7,
"Bruce, Josh",138,100,83,48,21,28,26,13,26,
"Cordy, Zaine",126,67,57,,,5,38,18,12,
"Scott, Anthony",88,33,95,10,8,,35,17,5,
"Wood, Easton",111,70,65,2,,,22,9,12,
"Hannan, Mitch",114,59,53,14,13,6,51,11,8,
"Smith, Roarke",79,29,88,3,4,,34,4,7,
"Weightman, Cody",120,48,40,26,13,,30,25,9,
"Crozier, Hayden",111,59,48,,,,14,6,4,
"Lipinski, Patrick",74,39,79,2,1,,22,2,5,
"McNeil, Lachlan",60,21,51,7,8,,24,7,7,
"Garcia, Riley",57,14,46,4,3,,17,6,8,
"Young, Lewis",47,24,52,1,1,71,14,9,7,
"Vandermeer, Laitham",46,24,50,6,8,,26,6,9,
"Schache, Josh",67,41,27,5,4,5,11,5,6,
"Martin, Stefan",29,11,64,1,,154,17,9,20,
"Richards, Ed",43,16,25,1,,,9,4,5,
"Wallis, Mitch",28,20,33,4,2,,10,5,3,
"Gardner, Ryan",37,20,18,,,,5,5,9,
"Sweet, Jordon",21,12,22,1,2,99,19,8,10,
"McLean, Toby",17,9,25,2,2,,13,3,1,
"Ugle-Hagan, Jamarra",25,14,10,7,2,,8,3,2,
"Khamis, Buku",7,1,4,,,,1,1,2,
"Butler, Louis",6,5,4,,,,2,,1,
"West, Rhylee",6,2,3,,2,,3,,5,
"Jong, Lin",2,2,2,,1,,,,,
"Cavarra, Ben",1,1,,,,,1,1,,
